NULL,24,04,ZAP1,SQE,ENFXSQE5,ORIENTACION,F32SQE,"F32SQE_EVIDENCIA DE INDUCCION A PERSONAL DE NUEVO INGRESO AUSENTE, INCOMPLETA O INCORRECTA (BARRERAS DE SEGURIDAD, DEFINICIONES OPERATIVAS DE EVENTOS, PREVENCION DE INFECCIONES, EQUIPO DE PROTECCION PERSONAL, COMUNICACIÓN DE RIESGOS Y PELIGROS DE SEGURIDAD)_SQE______ENFXSQE5",2.66071,5,4.37778,58.2401,0,8,XION,0000-00-00
,24,04,ZAP1,MISP,ENFXMISP5.1,HIGIENE DE MANOS_SERVICIOS PRIORITARIOS,F68MISP,F68MISP_LAVABOS O DISPENSADORES PARA HIGIENE DE MANOS AUSENTES O EN MAL ESTADO_MISP______ENFXMISP5.1,2.57143,2,2.71111,13.9429,0,9,XION,0000-00-00
,24,04,ZAP1,ACC,ENFXACC7,CONTINUIDAD DE LA ATENCION,F23ACC,"F23ACC_COMUNICACION POR CAMBIO DE TURNO O GUARDIA AUSENTE, INCOMPLETA O INCORRECTA_ACC______ENFXACC7",2.57143,2,2.71111,13.9429,0,4,XION,0000-00-00
,24,04,TM2,MISP,ENFXMISP1,IDENTIFICACION DE PACIENTE,F1MISP,F1MISP_NO SE CONFIRMA VERBALMENTE DATOS DE IDENTIFICACION DE PACIENTE CON PACIENTE O FAMILIAR AL PRIMER CONTACTO_MISP_AESP_____ENFXMISP1,2.92857,3,3.26667,28.7,0,2,XION,2024-04-09
,24,04,CMP,FMS,ENFXFMS1,PROTECCION DE LA ORGANIZACION,F1FMS,"F1FMS_EVIDENCIA DE INSPECCION INTEGRAL Y COMPLETA DE LAS INSTALACIONES PARA IDENTIFICAR NECESIDADES DE MANTENIMIENTO, SUSTITUCION O ACTUALIZACION AUSENTE INCOMPLETA O INCORRECTA_FMS______ENFXFMS1",2.57143,5,4.37778,56.2857,0,3,XION,0000-00-00
,24,04,CMP,MISP,ENFXMISP5,HIGIENE DE MANOS,F83MISP,F83MISP_REALIZAR TECNICA DE HIGIENE DE MANOS CON ALCOHOL GEL INCORRECTA_MISP______ENFXMISP5,2.57143,5,4.37778,56.2857,0,5,XION,0000-00-00
,24,04,CMP,PCI,ENFXPCI8,LIMPIEZA Y DESINFECCION DE INSTALACIONES Y MEDIOS DE TRANSPORTE,F256PCI,F256PCI_LIMPIEZA DE RUTINA NO REALIZADA_PCI_____SSA_ENFXPCI8,1.5,1,2.15556,3.23333,0,0,XION,2024-04-09
,24,04,CMP,PCI,ENFXPCI4,NUTRICION Y COCINA,F156PCI,F156PCI_VEGETALES Y FRUTAS NO SE DESINFECTA CON CLORO 6% 1ML/1L POR 30 MIN_PCI_____SSA_ENFXPCI4,2.57143,5,4.37778,56.2857,0,1,XION,2024-04-09
,24,04,TM2,ACC,ENFXACC7,CONTINUIDAD DE LA ATENCION,F25ACC,"F25ACC_COMUNICACION POR CAMBIO DE UNIDAD AUSENTE, INCOMPLETA O INCORRECTA_ACC______ENFXACC7",2.57143,5,4.37778,56.2857,0,2,XION,0000-00-00
,24,04,CMP,EXPCLI,ENFXEXPCLI150,EXPEDIENTE CLINICO,F1EXPCLI,"F1EXPCLI_IDENTIFICADOR UNICO DE EXPEDIENTE PRESENTE, CORRECTO_EXPCLI___MISP_EXPEDIENTE__ENFXEXPCLI150",2.57143,5,4.37778,56.2857,0,1,GEM3,2024-04-10
,24,04,TM2,FMS,ENFXFMS1,PROTECCION DE LA ORGANIZACION,F7FMS,"F7FMS_IDENTIFICACION DE RIESGOS POR FUEGO Y HUMO PREVIO A INICIAR CONSTRUCCION O REMODELACION AUSENTES, INCOMPLETA O INCORRECTA_FMS______ENFXFMS1",2.57143,5,4.37778,56.2857,0,2,SER3,2024-04-10
,24,04,TM2,FMS,ENFXFMS1,PROTECCION DE LA ORGANIZACION,F9FMS,"F9FMS_IDENTIFICACION DE RIESGOS POR INCUMPLIMIENTO NORMATIVO EN INSTALACIONES PREVIO A INICIAR CONSTRUCCION O REMODELACION AUSENTES, INCOMPLETA O INCORRECTA_FMS______ENFXFMS1",1.5,3,3.26667,14.7,0,0,GEA2,2024-04-10
,24,04,TM2,FMS,ENFXFMS1,PROTECCION DE LA ORGANIZACION,F10FMS,"F10FMS_IDENTIFICACION DE RIESGOS A INFECCIONES NOSOCOMIALES PREVIO A INICIAR CONSTRUCCION O REMODELACION AUSENTES, INCOMPLETA O INCORRECTA_FMS______ENFXFMS1",2.57143,5,4.37778,56.2857,0,2,GEA2,2024-04-10
,24,04,TM2,FMS,ENFXFMS1,PROTECCION DE LA ORGANIZACION,F11FMS,F11FMS_MEDIDAS DE PREVENCION DE RIESGO NO APLICADAS_FMS______ENFXFMS1,3.28571,5,4.37778,71.9206,0,2,SER3,0000-00-00
,24,04,TM2,FMS,ENFXFMS1,PROTECCION DE LA ORGANIZACION,F12FMS,F12FMS_SUPERVISION DEL PLAN ESPECIFICO DE PREVENCION DE RIESGOS NO REALIZADA_FMS______ENFXFMS1,2.57143,5,4.37778,56.2857,0,2,GEA2,2024-04-10
,24,04,TM2,FMS,ENFXFMS1.1,PROTECCION DE LA ORGANIZACION_SEGURIDAD Y SALUD,F22FMS,F22FMS_NO UTILIZAR EQUIPO DE PROTECCION PERSONAL EN ACTIVIDADES QUE LO REQUIEREN_FMS______ENFXFMS1.1,2.57143,5,4.37778,56.2857,0,2,GEA2,2024-04-10
,24,04,TM2,FMS,ENFXFMS1.1,PROTECCION DE LA ORGANIZACION_SEGURIDAD Y SALUD,F20FMS,"F20FMS_SEÑALAMIENTOS PARA PREVENCION DE ACTOS O CONDICIONES INSEGURAS NO VISIBLES, AUSENTES, MALTRATADOS O EQUIVOCADOS_FMS______ENFXFMS1.1",2.57143,5,4.37778,56.2857,0,2,SER3,2024-04-10
,24,04,TM2,FMS,ENFXFMS1.1,PROTECCION DE LA ORGANIZACION_SEGURIDAD Y SALUD,F23FMS,F23FMS_NO BRINDAR INDUCCION DE PREVENCION DE ACTOS Y CONDICIONES INSEGURAS AL PERSONAL _FMS______ENFXFMS1.1,2.57143,5,4.37778,56.2857,0,3,SER3,2024-04-10
,24,04,TM2,GLD,ENFXGLD1,GOBIERNO,F4GLD,F4GLD_LA MISION DE LA UNIDAD NO EXISTE O NO SE DIFUNDE_GLD______ENFXGLD1,2.21429,5,4.37778,48.4683,0,1,GEA2,0000-00-00
,24,04,TM2,FMS,ENFXFMS1.1,PROTECCION DE LA ORGANIZACION_SEGURIDAD Y SALUD,F27FMS,F27FMS_AREAS RESTRINGIDAS SIN CONTROL DE ACCESO_FMS______ENFXFMS1.1,1.5,1,2.15556,3.23333,0,1,SER3,0000-00-00
,24,04,TM2,GLD,ENFXGLD1,GOBIERNO,F9GLD,F9GLD_FALTA DE RECURSOS HUMANOS PARA BRINDAR SERVICIOS_GLD______ENFXGLD1,2.57143,5,4.37778,56.2857,0,1,GEA2,2024-04-10
,24,04,TM2,GLD,ENFXGLD7,DIRECCION,F40GLD,F40GLD_LAS RESPONSABILIDADES Y FUNCIONES DE LOS RESPONSABLES DE LOS DEPARTAMENTOS Y SERVICIOS NO ESTAN DEFINIDAS O ESTAN INCOMPLETAS O INCORRECTAS_GLD______ENFXGLD7,2.57143,5,4.37778,56.2857,0,2,GEA2,2024-04-10
,24,04,TM2,FMS,ENFXFMS1.1,PROTECCION DE LA ORGANIZACION,F36FMS,F36FMS_FALLAS EN EL SISTEMA DE VIDEOVIGILANCIA_FMS______ENFXFMS1.1,1.5,1,2.15556,3.23333,0,1,SER3,0000-00-00
,24,04,TM2,GLD,ENFXGLD9,DIRECCION_JUNTA OPERATIVA,F57GLD,F57GLD_LOS RESPONSABLES DE LOS DEPARTAMENTOS O SERVICIOS NO RESUELVEN LOS PROBLEMAS OPERATIVOS_GLD______ENFXGLD9,1.5,1,2.15556,3.23333,0,3,GEA2,2024-04-10
,24,04,TM2,GLD,ENFXGLD7,DIRECCION,F59GLD,"F59GLD_MANEJO DE INCIDENCIAS O VACACIONES DE PERSONAL DEFICIENTE, AUSENTE, INCOMPLETO O INCORRECTO POR PARTE DE LOS RESPONSABLES DE LOS DEPARTAMENTOS O SERVICIOS_GLD______ENFXGLD7",1.5,1,2.15556,3.23333,0,3,GEA2,2024-04-10
,24,04,TM2,GLD,ENFXGLD10,ETICA,F69GLD,F69GLD_LA ORGANIZACION NO FACTURA SUS SERVICIOS CON PRECISION_GLD______ENFXGLD10,1.5,1,2.15556,3.23333,0,2,GEA2,0000-00-00
,24,04,CMP,EXPCLI,ENFXEXPCLI150,EXPEDIENTE CLINICO,F2EXPCLI,F2EXPCLI_INDICE O GUIA DE INTEGRACION PRESENTE_EXPCLI____EXPEDIENTE__ENFXEXPCLI150,1.5,3,3.26667,14.7,0,0,GEM3,2024-04-10
,24,04,CMP,SQE,ENFXSQE4,ASIGNACION Y REASIGNACION,F23SQE,F23SQE_NO EXISTEN O NO SE CUMPLEN INDICADORES DE DOTACION DE PERSONAL NO CLINICO VIGENTES_SQE______ENFXSQE4,2.92857,5,4.37778,64.1032,0,4,RH2,0000-00-00
,24,04,CMP,SQE,ENFXSQE4,ASIGNACION Y REASIGNACION,F22SQE,F22SQE_NO EXISTEN O NO SE CUMPLEN INDICADORES DE DOTACION DE PERSONAL CLINICO VIGENTES_SQE______ENFXSQE4,2.92857,5,4.37778,64.1032,0,2,RH2,0000-00-00
,24,04,TM2,GLD,ENFXGLD10,ETICA,F72GLD,F72GLD_CARGOS INCORRECTOS_GLD______ENFXGLD10,2.57143,5,4.37778,56.2857,0,4,GEA2,0000-00-00
,24,04,TM2,SQE,ENFXSQE8,SEGURIDAD Y SALUD,F57SQE,"F57SQE_DOTACION DE EQUIPO DE PROTECCION PERSONAL AUSENTE, INCOMPLETA O INCORRECTA_SQE______ENFXSQE8",2.92857,5,4.37778,64.1032,0,2,RH3,0000-00-00
,24,04,CMP,EXPCLI,ENFXEXPCLI150,EXPEDIENTE CLINICO,F5EXPCLI,"F5EXPCLI_EXPENDIENTE SIN ABREVIATURAS, TACHADURAS Y ENMENDADURAS_EXPCLI____EXPEDIENTE__ENFXEXPCLI150",2.36735,5,4.37778,51.8186,0,7,GEM3,2024-04-10
,24,04,CMP,EXPCLI,ENFXEXPCLI150,EXPEDIENTE CLINICO TRANSFUSION,F8EXPCLI,F8EXPCLI_SOLICITUD/FECHA Y HORA DE ELABORACION_EXPCLI____EXPEDIENTE__ENFXEXPCLI150,2.57143,5,4.37778,56.2857,0,1,GEM3,2024-04-10
,24,04,CMP,EXPCLI,ENFXEXPCLI150,EXPEDIENTE CLINICO HOSPITALIZACION,F144EXPCLI,F144EXPCLI_REVALORACIONES/MEDICO GENERAL (HOJA DE EVOLUCION CADA TURNO Y CADA VEZ QUE SE NECESITE)_EXPCLI____EXPEDIENTE__ENFXEXPCLI150,2.57143,5,4.37778,56.2857,0,1,GEM3,2024-04-10
,24,04,CMP,EXPCLI,ENFXEXPCLI150,EXPEDIENTE CLINICO,F6EXPCLI,"F6EXPCLI_IDENTIFICACION DE PACIENTE PRESENTE, CORRECTA Y COMPLETA EN TODAS LAS HOJAS_EXPCLI____EXPEDIENTE__ENFXEXPCLI150",1.85714,5,4.37778,40.6508,0,2,GEM3,2024-04-10
,24,04,CMP,EXPCLI,ENFXEXPCLI150,EXPEDIENTE CLINICO TRANSFUSION,F24EXPCLI,F24EXPCLI_NOMBRE Y FIRMA DE QUIEN VERIFICA_EXPCLI____EXPEDIENTE__ENFXEXPCLI150,1.85714,5,4.37778,40.6508,0,1,GEM3,2024-04-10
,24,04,CMP,EXPCLI,ENFXEXPCLI150,EXPEDIENTE CLINICO TRANSFUSION,F43EXPCLI,"F43EXPCLI_NOMBRE, FIRMA Y CEDULA DE QUIEN ELABORO_EXPCLI____EXPEDIENTE__ENFXEXPCLI150",1.85714,5,4.37778,40.6508,0,1,GEM3,2024-04-10
,24,04,CMP,MISP,ENFXMISP3,MEDICAMENTOS DE ALTO RIESGO,F38MISP,F38MISP_NO REALIZAR DOBLE VERIFICACION DURANTE LA PREPARACION DE MEDICAMENTOS DE ALTO RIESGO_MISP______ENFXMISP3,2.57143,5,4.37778,56.2857,0,3,ENF1,2024-04-10
,24,04,CMP,MISP,ENFXMISP6,PREVENCION DE CAIDAS,F107MISP,"F107MISP_REVALORACION DE RIESGO DE CAIDAS AL CAMBIO DE SERVICIO AUSENTE, INCOMPLETA O INCORRECTA_MISP______ENFXMISP6",2.92857,5,4.37778,64.1032,0,1,ENF1,0000-00-00
,24,04,CMP,EXPCLI,ENFXEXPCLI150,EXPEDIENTE CLINICO,F4EXPCLI,F4EXPCLI_EXPEDIENTE LEGIBLE Y EN LENGUAGE TECNICO MEDICO_EXPCLI____EXPEDIENTE__ENFXEXPCLI150,1.5,1,2.15556,3.23333,0,0,GEM3,0000-00-00
,24,04,CMP,EXPCLI,ENFXEXPCLI150,EXPEDIENTE CLINICO TRANSFUSION,F10EXPCLI,F10EXPCLI_SOLICITUD/DATOS DEL COMPONENTE SANGUÍNEO_EXPCLI____EXPEDIENTE__ENFXEXPCLI150,1.5,1,2.15556,3.23333,0,0,GEM3,0000-00-00
,24,04,CMP,EXPCLI,ENFXEXPCLI150,EXPEDIENTE CLINICO TRANSFUSION,F23EXPCLI,F23EXPCLI_VERIFICACION PRE PROCEDIMIENTO_EXPCLI____EXPEDIENTE__ENFXEXPCLI150,1.5,1,2.15556,3.23333,0,1,GEM3,0000-00-00
,24,04,CMP,FMS,ENFXFMS5,SERVICIOS PRIORITARIOS PARA LA OPERACION,F129FMS,F129FMS_SERVICIOS CLINICOS PRIORITARIOS SIN ENERGIA ELECTRICA_FMS______ENFXFMS5,1.5,1,2.15556,3.23333,0,1,SER1,0000-00-00
,24,04,CMP,FMS,ENFXFMS5,SERVICIOS PRIORITARIOS PARA LA OPERACION,F131FMS,F131FMS_DESABASTO SUMINISTRO DE DIESEL DE PLANTA DE EMERGENCIA_FMS______ENFXFMS5,1.5,1,2.15556,3.23333,0,1,SER1,0000-00-00
,24,04,CMP,FMS,ENFXFMS5,SERVICIOS PRIORITARIOS PARA LA OPERACION,F133FMS,F133FMS_FALLAS EN EL SUMINISTRO DE GAS LP_FMS______ENFXFMS5,1.5,1,2.15556,3.23333,0,1,SER1,0000-00-00
,24,04,CMP,FMS,ENFXFMS5,SERVICIOS PRIORITARIOS PARA LA OPERACION,F136FMS,F136FMS_NIVELES BAJOS DE OXIGENO_FMS______ENFXFMS5,2.57143,5,4.37778,56.2857,0,1,SER1,0000-00-00
,24,04,CMP,FMS,ENFXFMS5,SERVICIOS PRIORITARIOS PARA LA OPERACION,F137FMS,F137FMS_VALVULAS CERRADAS PARA EL SUMINISTRO DE OXIGENO_FMS______ENFXFMS5,1.5,1,2.15556,3.23333,0,1,SER1,0000-00-00
,24,04,CMP,FMS,ENFXFMS5,SERVICIOS PRIORITARIOS PARA LA OPERACION,F138FMS,F138FMS_NO CONTAR CON OXIGENO DE RESPALDO_FMS______ENFXFMS5,1.5,1,2.15556,3.23333,0,1,SER1,0000-00-00
,24,04,CMP,FMS,ENFXFMS5,SERVICIOS PRIORITARIOS PARA LA OPERACION,F141FMS,F141FMS_FALLAS EN EL FUNCIONAMIENTO DE COMPRESORES DE AIRE MEDICINAL_FMS______ENFXFMS5,1.5,1,2.15556,3.23333,0,1,SER1,0000-00-00
,24,04,CMP,FMS,ENFXFMS4,EQUIPO Y TECNOLOGIA BIOMEDICA,F103FMS,"F103FMS_EVIDENCIA DE MANTENIMIENTO PREVENTIVO O CORRECTIVO AUSENTE, INCOMPLETA O INCORRECTA_FMS______ENFXFMS4",2.57143,5,4.37778,56.2857,0,1,SER1,0000-00-00
,24,04,ZAP1,MMU,ENFXMMU10,ADMINISTRACION DE MEDICAMENTOS,F96MMU,F96MMU_NO SE REALIZA LA VERIFICACION DE LOS CORRECTOS PREVIO A LA ADMINISTRACION_MMU_____SSA_ENFXMMU10,2.92857,5,4.37778,64.1032,0,1,ENF2,2024-04-24
,24,04,ZAP1,MMU,ENFXMMU10,ADMINISTRACION DE MEDICAMENTOS,F99MMU,F99MMU_ADMINISTRACION DE MEDICAMENTOS QUE EL PACIENTE INGRESA NO DOCUMENTADA_MMU_____SSA_ENFXMMU10,2.92857,5,4.37778,64.1032,0,2,ENF2,2024-04-24
,24,04,ZAP1,MISP,ENFXMISP6,PREVENCION DE CAIDAS,F106MISP,"F106MISP_EVALUACION INICIAL DE RIESGO DE CAIDAS AL PRIMER CONTACTO CON PACIENTE AUSENTE, INCOMPLETA O INCORRECTA_MISP______ENFXMISP6",2.92857,5,4.37778,64.1032,0,1,ENF2,0000-00-00
,24,04,ZAP1,MISP,ENFXMISP4,PROCEDIMIENTOS CORRECTOS,F65MISP,F65MISP_NO REALIZAR TIEMPO FUERA_MISP______ENFXMISP4,2.92857,5,4.37778,64.1032,0,1,ENF2,2024-04-25
,24,05,ZAP1,MISP,ENFXMISP4,PROCEDIMIENTOS CORRECTOS,F65MISP,F65MISP_NO REALIZAR TIEMPO FUERA_MISP______ENFXMISP4,3.04762,4,3.82222,46.5947,0,5,ENF2,2024-05-01
,24,05,ZAP1,MMU,ENFXMMU10,ADMINISTRACION DE MEDICAMENTOS,F96MMU,F96MMU_NO SE REALIZA LA VERIFICACION DE LOS CORRECTOS PREVIO A LA ADMINISTRACION_MMU_____SSA_ENFXMMU10,2.92857,1,2.15556,6.3127,0,6,ENF2,2024-05-01
,24,05,ZAP1,MISP,ENFXMISP5,HIGIENE DE MANOS,F82MISP,F82MISP_REALIZAR TECNICA DE HIGIENE DE MANOS CON AGUA Y JABON INCORRECTA_MISP______ENFXMISP5,2.92857,1,2.15556,6.3127,0,12,ENF2,2024-05-01
,24,05,ZAP1,MISP,ENFXMISP1,IDENTIFICACION DE PACIENTE,F1MISP,F1MISP_NO SE CONFIRMA VERBALMENTE DATOS DE IDENTIFICACION DE PACIENTE CON PACIENTE O FAMILIAR AL PRIMER CONTACTO_MISP_AESP_____ENFXMISP1,2.75,1,2.15556,5.92778,0,21,ENF2,2024-05-01
,24,05,ZAP1,MISP,ENFXMISP1,IDENTIFICACION DE PACIENTE,F2MISP,F2MISP_NO SE REGISTRA CONFIRMACION DE IDENTIFICACION DE PACIENTE AL PRIMER CONTACTO CLINICO EN EXPEDIENTE_MISP_AESP_____ENFXMISP1,1.5,1,2.15556,3.23333,0,1,ENF2,2024-05-01
,24,05,ZAP1,MISP,ENFXMISP2,COMUNICACION EFECTIVA,F22MISP,F22MISP_ERRORES DURANTE LA COMUNICACION TELEFONICA POR AUSENCIA DE MEDICO RESPONSABLE,3.28571,3,3.26667,32.2,0,2,ENF2,2024-05-09
,24,05,ZAP1,PCI,ENFXPCI2.7,VIGILANCIA EPIDEMIOLOGICA_LINEAS VASCULARES,F48PCI,F48PCI_NO REALIZA ASEPSIA CORRECTA EN EL SITIO DE INSERCION,1.5,1,2.15556,3.23333,0,3,ENF2,2024-05-09
,24,05,ZAP1,PCI,ENFXPCI2.7,VIGILANCIA EPIDEMIOLOGICA_LINEAS VASCULARES,F50PCI,F50PCI_NO COLOCAR MEMBRETE DE IDENTIFICACION,1.5,1,2.15556,3.23333,0,1,ENF2,2024-05-09
,24,05,ZAP1,PCI,ENFXPCI2.7,VIGILANCIA EPIDEMIOLOGICA_LINEAS VASCULARES,F52PCI,F52PCI_NO LAVAR VIA VENOSA DESPUES DE LA ADMINISTRACION DE MEDICAMENTOS Y/O HEMODERIVADOS,1.5,1,2.15556,3.23333,0,1,ENF2,2024-05-09
,24,05,ZAP1,PCI,ENFXPCI2.7,VIGILANCIA EPIDEMIOLOGICA_LINEAS VASCULARES,F55PCI,F55PCI_EL CATETER NO SE ENCUENTRA INSTALADO FIRMEMENTE Y LA FIJACION LIMPIA,1.5,1,2.15556,3.23333,0,0,ENF2,2024-05-09
,24,05,ZAP1,PCI,ENFXPCI2.7,VIGILANCIA EPIDEMIOLOGICA_LINEAS VASCULARES,F54PCI,F54PCI_NO DESINFECTA PUERTOS Y CONEXIONES ANTES DE MANIPULARLOS,1.5,1,2.15556,3.23333,0,4,ENF2,2024-05-09
,24,05,ZAP1,PCI,ENFXPCI7,CIRCULACION QUIRURGICA,F244PCI,F244PCI_CIRCULACION EN AREA BLANCA NO RESPETADA,1.5,1,2.15556,3.23333,0,0,ENF2,2024-05-09
,24,05,ZAP1,PCI,ENFXPCI7,CIRCULACION QUIRURGICA,F245PCI,F245PCI_CIRCULACION EN AREA GRIS NO RESPETADA,1.5,1,2.15556,3.23333,0,1,ENF2,2024-05-09
,24,05,ZAP1,MMU,ENFXMMU2,RECEPCION Y REGISTRO DE MEDICAMENTOS,F19MMU,F19MMU_ERRORES DE REGISTRO DE MEDICAMENTOS,1.5,1,2.15556,3.23333,0,6,ENF2,2024-05-09
,24,05,ZAP1,MMU,ENFXMMU6,TRANSCRIPCION DE MEDICAMENTOS,F65MMU,"F65MMU_TRANSCRIPCIONES INCOMPLETAS, ILEGIBLES O CONFUSAS",2.92857,5,4.37778,64.1032,0,1,ENF2,2024-05-09
,24,05,ZAP1,MISP,ENFXMISP1,IDENTIFICACION DE PACIENTE,F3MISP,"F3MISP_ETIQUETAS O IDENTIFICADORES CON DATOS DE IDENTIFICACION DE PACIENTE AUSENTES, INCOMPLETOS O INCORRECTOS",1.5,1,2.15556,3.23333,0,9,ENF2,2024-05-09
,24,05,ZAP1,MISP,ENFXMISP1,IDENTIFICACION DE PACIENTE,F8MISP,F8MISP_ETIQUETA DE MEDICAMENTO NO COINCIDE CON IDENTIFICACION DE PACIENTE ,1.5,1,2.15556,3.23333,0,2,ENF2,2024-05-09
,24,05,ZAP1,MISP,ENFXMISP1,IDENTIFICACION DE PACIENTE,F9MISP,F9MISP_ETIQUETA DE INFUSION INTRAVENOSA NO COINCIDE CON IDENTIFICACION DE PACIENTE ,1.5,1,2.15556,3.23333,0,0,ENF2,2024-05-09
,24,05,ZAP1,MISP,ENFXMISP1,IDENTIFICACION DE PACIENTE,F15MISP,F15MISP_INDICACION DE TRASLADO INTERNO NO COINCIDE CON IDENTIFICACION DE PACIENTE ,1.5,1,2.15556,3.23333,0,0,ENF2,2024-05-09
,24,05,ZAP1,MISP,ENFXMISP1,IDENTIFICACION DE PACIENTE,F20MISP,F20MISP_PROCEDIMIENTO O TRATAMIENTO INVASIVO Y DE ALTO RIESGO NO COINCIDE CON IDENTIFICACION DE PACIENTE CORRECTO,1.5,1,2.15556,3.23333,0,2,ENF2,2024-05-09
,24,05,ZAP1,MISP,ENFXMISP4,PROCEDIMIENTOS CORRECTOS,F49MISP,"F49MISP_PREVIO A PROCEDIMIENTO QUIRURGICOS, REQUERIMIENTOS O EQUIPOS NO DISPONIBLES O CONDICIONES CLINICAS NO IDENTIFICADAS ",1.5,1,2.15556,3.23333,0,2,ENF2,2024-05-09
,24,05,ZAP1,MISP,ENFXMISP4,PROCEDIMIENTOS CORRECTOS,F63MISP,F63MISP_PACIENTE EGRESA DE SALA QUIRURGICA EN CONDICIONES INSEGURAS,1.5,1,2.15556,3.23333,0,0,ENF2,2024-05-09
,24,05,ZAP1,MISP,ENFXMISP5,HIGIENE DE MANOS,F67MISP,"F67MISP_INSUMOS PARA LA HIGIENE DE MANOS AUSENTES, INCOMPLETOS O INCORRECTOS",1.5,1,2.15556,3.23333,0,2,ENF2,2024-05-09
,24,05,ZAP1,MISP,ENFXMISP5.1,HIGIENE DE MANOS_SERVICIOS PRIORITARIOS,F68MISP,F68MISP_LAVABOS O DISPENSADORES PARA HIGIENE DE MANOS AUSENTES O EN MAL ESTADO,2.66071,3,3.26667,26.075,0,4,ENF2,2024-05-09
,24,05,ZAP1,ARP,ENFXARP1,INGRESO DE PACIENTES,F4ARP,F4ARP_INFORMACION NO OTORGADA,2.21429,5,4.37778,48.4683,0,1,GEA1,2024-05-11
,24,05,TM2,EXPCLI,ENFXEXPCLI150,EXPEDIENTE CLINICO,F5EXPCLI,"F5EXPCLI_EXPENDIENTE SIN ABREVIATURAS, TACHADURAS Y ENMENDADURAS",1.5,1,2.15556,3.23333,0,1,GEM1,2024-05-11
,24,05,TM2,EXPCLI,ENFXEXPCLI150,EXPEDIENTE CLINICO TRANSFUSION,F31EXPCLI,F31EXPCLI_NOTA MEDICA/ESTADO CLINICO DEL PACIENTE,2.21429,5,4.37778,48.4683,0,1,GEM1,2024-05-11
,24,05,ZAP1,PCI,ENFXPCI8,LIMPIEZA Y DESINFECCION DE INSTALACIONES Y MEDIOS DE TRANSPORTE,F253PCI,F253PCI_DURANTE LA MANIPULACION DE LOS PRODUCTOS DE LIMPIEZA O LA REALIZACION DE LAS ACTIVIDADES NO USA EQUIPO DE PROTECCION PERSONAL,2.83929,5,4.37778,62.1488,0,4,,2024-05-13
,24,05,ZAP1,PCI,ENFXPCI4,NUTRICION Y COCINA,F110PCI,"F110PCI_EL EQUIPO Y UTENSILIOS EMPLEADOS DONDE SE MANIPULAN MATERIAS PRIMAS, ALIMENTOS NO SON LISOS, LAVABLES Y SE DESINFECTAN ADECUADAMENTE",1.5,1,2.15556,3.23333,0,2,,2024-05-14
,24,05,ZAP1,PCI,ENFXPCI4,NUTRICION Y COCINA,F111PCI,F111PCI_EN LOS EQUIPOS DE REFRIGERACION NO SE EVITA LA ACUMULACION DE AGUA,1.5,1,2.15556,3.23333,0,2,,2024-05-14
,24,05,ZAP1,PCI,ENFXPCI4,NUTRICION Y COCINA,F121PCI,F121PCI_NO USAN UNIFORME COMPLETO Y LIMPIO,2.57143,5,4.37778,56.2857,0,2,,2024-05-14
,24,05,ZAP1,PCI,ENFXPCI4,NUTRICION Y COCINA,F124PCI,"F124PCI_NO TIENEN UÑAS CORTAS, SIN ESMALTE, SIN UÑAS POSTIZAS",1.5,1,2.15556,3.23333,0,2,,2024-05-14
,24,05,ZAP1,PCI,ENFXPCI4,NUTRICION Y COCINA,F135PCI,"F135PCI_EL AREA DE ALMACENAMIENTO DE ALIMENTOS NO SE ENCUENTRA BIEN VENTILADA, LIMPIA, SECA, LIBRE DE FAUNA",1.5,1,2.15556,3.23333,0,1,,2024-05-14
,24,05,ZAP1,PCI,ENFXPCI4.4,NUTRICION Y COCINA_PROGRAMA DE PROTECCION,F177PCI,"F177PCI_CALENDARIO DE MANTENIMIENTO PREVENTIVO DE INSTALACIONES AUSENTE, INCOMPLETO O INCORRECTO",1.5,1,2.15556,3.23333,0,2,SER2,2024-05-14
,24,05,ZAP1,PCI,ENFXPCI4.4,NUTRICION Y COCINA_PROGRAMA DE PROTECCION,F178PCI,"F178PCI_EVIDENCIA DE MANTENIMIENTO PREVENTIVO Y CORRECTIVO AUSENTE, INCOMPLETA O INCORRECTA",1.5,1,2.15556,3.23333,0,2,SER2,2024-05-14
,24,05,ZAP1,PCI,ENFXPCI8,LIMPIEZA Y DESINFECCION DE INSTALACIONES Y MEDIOS DE TRANSPORTE,F259PCI,F259PCI_EXHAUSTIVO POR RAZON NECESARIA NO REALIZADO,1.5,1,2.15556,3.23333,0,1,SER2,2024-05-14
,24,05,ZAP1,ARP,ENFXARP2,CUENTA DE PACIENTE,F8ARP,F8ARP_COBRO NO REALIZADO,2.92857,5,4.37778,64.1032,0,1,GEA1,2024-05-14
,24,05,CMP,MMU,ENFXMMU3,ALMACENAMIENTO Y CONSERVACION DE MEDICAMENTOS,F25MMU,F25MMU_TEMPERATURAS NO REGISTRADAS,1.5,1,2.15556,3.23333,0,1,GEM3,2024-05-15
,24,05,CMP,MMU,ENFXMMU1,SELECCION Y ADQUISICION DE MEDICAMENTOS,F3MMU,F3MMU_MEDICAMENTO SOLICITADO FUERA DE CUADRO BASICO ,1.5,1,2.15556,3.23333,0,1,FAR1,2024-05-17
,24,05,CMP,MMU,ENFXMMU3,ALMACENAMIENTO Y CONSERVACION DE MEDICAMENTOS,F23MMU,F23MMU_ERRORES EN EL ACOMODO DE MEDICAMENTOS,1.5,1,2.15556,3.23333,0,2,FAR1,2024-05-17
,24,05,ZAP1,EXPCLI,ENFXEXPCLI150,EXPEDIENTE CLINICO HOSPITALIZACION,F101EXPCLI,F101EXPCLI_EVALUACION INICIAL ENFERMERIA/ANTES DE 24 HORAS (HOSPITALIZADOS),1.5,1,2.15556,3.23333,0,0,ENF2,2024-04-26
,24,05,ZAP1,EXPCLI,ENFXEXPCLI150,EXPEDIENTE CLINICO HOSPITALIZACION,F102EXPCLI,F102EXPCLI_RIESGO DE CAIDAS DURANTE CAMBIO DE SERVICIOS (DEBE COINCIDIR HOJA DE RIESGO DE CAIDAS CON SBAR),1.5,1,2.15556,3.23333,0,2,ENF2,2024-04-26
,24,05,ZAP1,EXPCLI,ENFXEXPCLI150,EXPEDIENTE CLINICO HOSPITALIZACION,F103EXPCLI,F103EXPCLI_RIESGO DE CAIDAS EN CADA CAMBIO DE TURNO,1.5,1,2.15556,3.23333,0,0,ENF2,2024-04-26
,24,05,ZAP1,EXPCLI,ENFXEXPCLI150,EXPEDIENTE CLINICO,F4EXPCLI,F4EXPCLI_EXPEDIENTE LEGIBLE Y EN LENGUAGE TECNICO MEDICO,1.5,1,2.15556,3.23333,0,0,GEM2,2024-05-20
,24,05,ZAP1,EXPCLI,ENFXEXPCLI150,EXPEDIENTE CLINICO,F3EXPCLI,F3EXPCLI_EXPEDIENTE CLINICO ORDENADO CONFORME A INDECE O GUIA DE INTEGRACION,2.92857,5,4.37778,64.1032,0,1,GEM2,2024-05-20
,24,05,ZAP1,EXPCLI,ENFXEXPCLI150,EXPEDIENTE CLINICO TRANSFUSION,F19EXPCLI,F19EXPCLI_CONSENTIMIENTO/CONSENTIMIENTO INFORMADO,2.92857,5,4.37778,64.1032,0,1,GEM2,2024-05-20
,24,05,ZAP1,EXPCLI,ENFXEXPCLI150,EXPEDIENTE CLINICO TRANSFUSION,F35EXPCLI,F35EXPCLI_REGISTROS DE ENFERMERIA/DATOS DEL PACIENTE,1.5,1,2.15556,3.23333,0,1,GEM2,2024-05-20
,24,05,TM2,GLD,ENFXGLD6,RUTINAS GERENCIALES,F53GLD,F53GLD_LOS LIDERES NO CUMPLEN CON SUS FUNCIONES,1.5,1,2.15556,3.23333,0,4,GEA2,2024-05-21
,24,05,TM2,GLD,ENFXGLD6,RUTINAS GERENCIALES,F33GLD,F33GLD_LOS SERVICIOS SUBROGADOS NO CUMPLEN CON LAS ESPECIFICACIONES DE CALIDAD,1.5,2,2.71111,8.13333,0,3,GEA2,2024-05-21
,24,05,TM2,GLD,ENFXGLD6,RUTINAS GERENCIALES,F37GLD,F37GLD_LOS LIDERES NO PARTICIPAN EN LA SUPERVISION DE SUS PROCESOS,1.5,1,2.15556,3.23333,0,1,GEA2,2024-05-21
,24,05,TM2,GLD,ENFXGLD9,DIRECCION_JUNTA OPERATIVA,F58GLD,F58GLD_LOS RESPONSABLES DE LOS DEPARTAMENTOS O SERVICIOS SE TARDAN EN RESOLVER LOS PROBLEMAS OPERATIVOS,1.5,1,2.15556,3.23333,0,4,GEA2,2024-05-21
,24,05,TM2,ARP,ENFXARP1,INGRESO DE PACIENTES,F1ARP,F1ARP_RETRASO EN EL INGRESO DE PACIENTE,1.5,1,2.15556,3.23333,0,2,ARP2,2024-05-23
,24,05,TM2,ARP,ENFXARP2,CUENTA DE PACIENTE,F10ARP,F10ARP_ERRORES EN LA CUENTA DE PACIENTE,2.21429,2,2.71111,12.0063,0,3,ARP2,2024-05-23
,24,05,TM2,GLD,ENFXGLD2,JUNTA DE GOBIERNO,F21GLD,F21GLD_JUNTA DE GOBIERNO AUSENTE,1.85714,5,4.37778,40.6508,0,2,GEA2,2024-05-23
,24,05,TM2,ARP,ENFXARP2,CUENTA DE PACIENTE,F11ARP,F11ARP_RETRASO EN LA CUENTA DE PACIENTE,1.5,1,2.15556,3.23333,0,2,ARP2,2024-05-23
,24,05,CMP,PCI,ENFXPCI8,LIMPIEZA Y DESINFECCION DE INSTALACIONES Y MEDIOS DE TRANSPORTE,F246PCI,"F246PCI_NO SE CUENTA CON MATERIAL (CARRITO, ESCOBAS, CUBETAS, JALADOR, RECOGEDOR, CODIGO DE COLORES DE PAÑOS, FIBRAS) EXCLUSIVO POR SERVICIO O AREA PARA LA LIMPIEZA Y DESINFECCION DE INSTALACIONES",1.5,1,2.15556,3.23333,0,2,SER3,2024-05-28
,24,05,CMP,PCI,ENFXPCI8,LIMPIEZA Y DESINFECCION DE INSTALACIONES Y MEDIOS DE TRANSPORTE,F247PCI,"F247PCI_MATERIAL (CARRITO, ESCOBAS, CUBETAS, JALADOR, RECOGEDOR, CODIGO DE COLORES DE PAÑOS, FIBRAS) NO ESTA IDENTIFICADO CON EL NOMBRE DEL SERVICIO O AREA AL QUE PERTENECE",1.5,1,2.15556,3.23333,0,2,SER3,2024-05-28
,24,05,CMP,PCI,ENFXPCI8,LIMPIEZA Y DESINFECCION DE INSTALACIONES Y MEDIOS DE TRANSPORTE,F248PCI,F248PCI_NO SE SIGUE LA REGLA UNIVERSAL DE ASEPSIA,1.85714,3,3.26667,18.2,0,6,SER3,2024-05-28
,24,05,CMP,PCI,ENFXPCI8,LIMPIEZA Y DESINFECCION DE INSTALACIONES Y MEDIOS DE TRANSPORTE,F249PCI,F249PCI_LA LIMPIEZA DE LAS AREAS PUBLICAS NO SE REALIZA EN EL HORARIO ESTABLECIDO PARA EVITAR EL TRAFICO DE PERSONAS Y ACCIDENTES,1.5,1,2.15556,3.23333,0,2,SER3,2024-05-28
,24,05,CMP,PCI,ENFXPCI8,LIMPIEZA Y DESINFECCION DE INSTALACIONES Y MEDIOS DE TRANSPORTE,F250PCI,F250PCI_ERRORES EN LA PREPARACION DE PRODUCTOS PARA REALIZAR LIMPIEZA O DESINFECCION DE INSTALACIONES,1.5,1,2.15556,3.23333,0,1,SER3,2024-05-28
,24,05,CMP,PCI,ENFXPCI8,LIMPIEZA Y DESINFECCION DE INSTALACIONES Y MEDIOS DE TRANSPORTE,F251PCI,F251PCI_NO SE UTILIZA CODIGO DE COLORES PARA LOS MATERIALES SEGUN LOS SERVICIOS CLINICOS O AREAS DE MAYOR RIESGO DE INFECCION,1.5,1,2.15556,3.23333,0,1,SER3,2024-05-28
,24,05,CMP,PCI,ENFXPCI8,LIMPIEZA Y DESINFECCION DE INSTALACIONES Y MEDIOS DE TRANSPORTE,F252PCI,F252PCI_NO SE PRIORIZA LA LIMPIEZA DE HABITACIONES PARA PREVENIR RIESGO CONTAMINACIONES CRUZADAS,1.5,3,3.26667,14.7,0,0,SER3,2024-05-28
,24,05,CMP,PCI,ENFXPCI8,LIMPIEZA Y DESINFECCION DE INSTALACIONES Y MEDIOS DE TRANSPORTE,F254PCI,F254PCI_PRECAUCIONES POR RIESGO DE TRANSMISION NO APLICADAS DURANTE LA LIMPIEZA O DESINFECCION DE UBICACIONES DE PACIENTES,1.5,1,2.15556,3.23333,0,1,SER3,2024-05-28
,24,05,CMP,PCI,ENFXPCI8,LIMPIEZA Y DESINFECCION DE INSTALACIONES Y MEDIOS DE TRANSPORTE,F255PCI,"F255PCI_CALENDARIO DE EXHAUSTIVOS AUSENTE, INCOMPLETO O INCORRECTO",1.5,1,2.15556,3.23333,0,1,SER3,2024-05-28
,24,05,CMP,PCI,ENFXPCI8,LIMPIEZA Y DESINFECCION DE INSTALACIONES Y MEDIOS DE TRANSPORTE,F256PCI,F256PCI_LIMPIEZA DE RUTINA NO REALIZADA,1.5,1,2.15556,3.23333,0,2,SER3,2024-05-28
,24,05,CMP,PCI,ENFXPCI8,LIMPIEZA Y DESINFECCION DE INSTALACIONES Y MEDIOS DE TRANSPORTE,F257PCI,F257PCI_LIMPIEZA POR RAZON NECESARIA NO REALIZADA,1.5,1,2.15556,3.23333,0,1,SER3,2024-05-28
,24,05,CMP,PCI,ENFXPCI8,LIMPIEZA Y DESINFECCION DE INSTALACIONES Y MEDIOS DE TRANSPORTE,F258PCI,F258PCI_EXHAUSTIVO PROGRAMADO NO REALIZADO SIN JUSTIFICACION,1.5,1,2.15556,3.23333,0,1,SER3,2024-05-28
,24,05,CMP,PCI,ENFXPCI8,LIMPIEZA Y DESINFECCION DE INSTALACIONES Y MEDIOS DE TRANSPORTE,F263PCI,"F263PCI_MUESTRA DE CULTIVOS PROGRAMADA O POR RAZÓN NECESARIA HECHA POR LABORATORIO AUSENTE, INCOMPLETA O INCORRECTA",1.5,3,3.26667,14.7,0,0,SER3,2024-05-28
,24,05,CMP,PCI,ENFXPCI8,LIMPIEZA Y DESINFECCION DE INSTALACIONES Y MEDIOS DE TRANSPORTE,F264PCI,"F264PCI_EVIDENCIA DE LIMPIEZA Y DESINFECCION DE CAMILLAS, SILLAS DE RUESGA Y SILLAS DE BAÑO INCOMPLETA, INCORRECTA O AUSENTE",2.57143,5,4.37778,56.2857,0,1,SER3,2024-05-28
,24,05,TM2,PFR,ENFXPFR8,MANEJO DE QUEJAS,F27PFR,F27PFR_INFORMACION ACERCA DEL MANEJO DE QUEJAS NO OTORGADO AL PACIENTE Y FAMILIAR O CUIDADOR,2.21429,5,4.37778,48.4683,0,1,GEA2,2024-05-28
,24,05,TM2,PFR,ENFXPFR8,MANEJO DE QUEJAS,F28PFR,F28PFR_QUEJAS EN CURSO NO RESUELTAS PREVIO AL ALTA,1.5,1,2.15556,3.23333,0,0,GEA2,2024-05-28
,24,05,TM2,PFR,ENFXPFR8,MANEJO DE QUEJAS,F30PFR,F30PFR_QUEJA EXPRESADA NO DOCUMENTADA,1.5,1,2.15556,3.23333,0,0,GEA2,2024-05-28
,24,05,TM2,PFR,ENFXPFR8,MANEJO DE QUEJAS,F33PFR,F33PFR_QUEJA DE MEDICO EXTERNO,2.21429,5,4.37778,48.4683,0,1,GEA2,2024-05-28
,24,05,TM2,SQE,ENFXSQE5,ORIENTACION,F32SQE,"F32SQE_EVIDENCIA DE INDUCCION A PERSONAL DE NUEVO INGRESO AUSENTE, INCOMPLETA O INCORRECTA (BARRERAS DE SEGURIDAD, DEFINICIONES OPERATIVAS DE EVENTOS, PREVENCION DE INFECCIONES, EQUIPO DE PROTECCION PERSONAL, COMUNICACIÓN DE RIESGOS Y PELIGROS DE SEGURIDAD)",1.5,1,2.15556,3.23333,0,1,GEA2,2024-05-28
,24,05,CMP,PCI,ENFXPCI8,LIMPIEZA Y DESINFECCION DE INSTALACIONES Y MEDIOS DE TRANSPORTE,F267PCI,"F267PCI_EVIDENCIA DE LIMPIEZA Y DESINFECCION DE VEHICULOS PARA TRANSPORTE AUSENTE, INCOMPLETO O INCORRECTO",2.57143,5,4.37778,56.2857,0,1,SER3,2024-05-28
,24,05,CMP,PCI,ENFXPCI8,LIMPIEZA Y DESINFECCION DE INSTALACIONES Y MEDIOS DE TRANSPORTE,F268PCI,F268PCI_SABANAS NO SON CAMBIADAS DESPUES DE TERMINAR EL TRASLADO DEL PACIENTE ENTRE PACIENTE Y PACIENTE,1.5,1,2.15556,3.23333,0,2,SER3,2024-05-28
,24,05,CMP,PCI,ENFXPCI8,LIMPIEZA Y DESINFECCION DE INSTALACIONES Y MEDIOS DE TRANSPORTE,F270PCI,"F270PCI_NO SE REALIZA LIMPIEZA Y DESINFECCION DE BAUMANOMETROS, ESTETOSCOPIOS, TERMOMETROS, BOMBA DE INFUSION O OTOSCOPIO",2.57143,3,3.26667,25.2,0,2,SER3,2024-05-28
,24,05,CMP,PCI,ENFXPCI8,LIMPIEZA Y DESINFECCION DE INSTALACIONES Y MEDIOS DE TRANSPORTE,F272PCI,F272PCI_NO SE REALICE LIMPIEZA Y DESINFECCION DE SUPERFICIES INTERNAS DEL EQUIPO MEDICO,1.5,1,2.15556,3.23333,0,2,SER3,2024-05-28
,24,05,CMP,PCI,ENFXPCI10,MANEJO DE ROPA HOSPITALARIA,F329PCI,F329PCI_ERRORES EN EL ALMACENAMIENTO DE ROPA HOSPITALARIA,1.5,1,2.15556,3.23333,0,2,SER3,2024-05-28
,24,05,CMP,PCI,ENFXPCI10,MANEJO DE ROPA HOSPITALARIA,F330PCI,F330PCI_ROPA HOSPITALARIA ALMACENADA EN CONDICIONES NO HIGIENICAS,1.5,1,2.15556,3.23333,0,2,SER3,2024-05-28
,24,05,CMP,PCI,ENFXPCI10,MANEJO DE ROPA HOSPITALARIA,F331PCI,F331PCI_RECOLECCION DE ROPA SUCIA O CONTAMINADA SIN EQUIPO DE PROTECCION PERSONAL,2.21429,2,2.71111,12.0063,0,3,SER3,2024-05-28
,24,05,CMP,PCI,ENFXPCI10,MANEJO DE ROPA HOSPITALARIA,F332PCI,F332PCI_ROPA CONTAMINADA SIN ETIQUETA O DATOS DE IDENTIFICACION,1.5,1,2.15556,3.23333,0,2,SER3,2024-05-28
,24,05,CMP,PCI,ENFXPCI10,MANEJO DE ROPA HOSPITALARIA,F333PCI,F333PCI_ROPA SUCIA PRESENTE EN AREAS DE ATENCION A PACIENTE POR TIEMPO MAYOR AL ESTABLECIDO,1.5,1,2.15556,3.23333,0,2,SER3,2024-05-28
,24,05,CMP,PCI,ENFXPCI10,MANEJO DE ROPA HOSPITALARIA,F334PCI,F334PCI_RECOLECCION DE ROPA HOSPITALARIA FUERA DE RUTA U HORARIO ESTABLECIDO,1.5,1,2.15556,3.23333,0,2,SER3,2024-05-28
,24,05,CMP,PCI,ENFXPCI10,MANEJO DE ROPA HOSPITALARIA,F335PCI,F335PCI_NO CAMBIAR ROPA HOSPITALARIA ENTRE CADA PACIENTE QUE SE ATIENDA EN UNA MISMA UBICACION,1.5,1,2.15556,3.23333,0,2,SER3,2024-05-28
,24,05,CMP,PCI,ENFXPCI10,MANEJO DE ROPA HOSPITALARIA,F336PCI,"F336PCI_ROPA SUCIA DE UNIDADES DE AISLAMIENTO, PARTICULARMENTE POR CONTACTO, GOTAS O VIA AEREA NO IDENTIFICADAS SEGUN LO ESTABLECIDO POR LA ORGANIZACION",1.5,1,2.15556,3.23333,0,0,SER3,2024-05-28
,24,05,CMP,PCI,ENFXPCI10,MANEJO DE ROPA HOSPITALARIA,F337PCI,F337PCI_ROPA CONTAMINADA EN BOLSAS NO ES LLEVADA INMEDIATAMENTE AL SEPTICO DESPUES DE RETIRARLA ,1.5,1,2.15556,3.23333,0,2,SER3,2024-05-28
,24,05,CMP,PCI,ENFXPCI10,MANEJO DE ROPA HOSPITALARIA,F338PCI,F338PCI_DURANTE EL MANEJO O RECOLECCION DE ROPA SE AGITA LA ROPA PERMITIENDO LA DISPERSION DE MICROORGANISMOS,2.57143,3,3.26667,25.2,0,2,SER3,2024-05-28
,24,05,CMP,PCI,ENFXPCI10,MANEJO DE ROPA HOSPITALARIA,F339PCI,F339PCI_CARRO O TANICO CON MAS DEL LIMITE DE LA CAPACIDAD ESTABLECIDA POR LA ORGANIZACION,2.57143,3,3.26667,25.2,0,2,SER3,2024-05-28
,24,05,CMP,PCI,ENFXPCI10,MANEJO DE ROPA HOSPITALARIA,F340PCI,F340PCI_PROVEEDOR DE LAVADO Y DESINFECCION DE ROPA HOSPITALARIA NO CUMPLE CON ESPECIFICACIONES DE CALIDAD,2.57143,3,3.26667,25.2,0,2,SER3,2024-05-28
,24,05,CMP,PCI,ENFXPCI10,MANEJO DE ROPA HOSPITALARIA,F341PCI,F341PCI_LAVANDERIA NO CUENTA INSTALACIONES QUE EVITEN O REDUZCAN EL RIESGO DE CONTAMINACION ENTRE ROPA SUCIA Y LIMPIA,1.5,1,2.15556,3.23333,0,1,SER3,2024-05-28
,24,05,CMP,PCI,ENFXPCI4,NUTRICION Y COCINA,F107PCI,F107PCI_LAS PUERTAS Y VENTANAS DE LAS AREAS DE PRODUCCION O ELABORACION NO ESTAN PROVISTAS DE PROTECCIONES PAR EVITAR ENTRADA DE LLUVIA Y FAUNA NOCIVA,1.5,1,2.15556,3.23333,0,2,SER3,2024-05-28
,24,05,CMP,PCI,ENFXPCI4,NUTRICION Y COCINA,F108PCI,"F108PCI_LAS TUBERIAS, CONDUCTOS, RIELES, VIGAS ESTAN POR ENCIMA DE TANQUES Y AREAS DE PRODUCCION O ELABORACION DONDE EL PRODUCTO ESTE EXPUESTO",1.5,1,2.15556,3.23333,0,0,SER3,2024-05-28
,24,05,CMP,PCI,ENFXPCI4,NUTRICION Y COCINA,F109PCI,"F109PCI_LOS EQUIPOS INSTALADOS NO TIENEN EL ESPACIO ENTRE ELLOS MISMOS, LA PARED, EL TECHO Y PISO QUE PERMITAN SU LIMPIEZA Y DESINFECCION",1.5,1,2.15556,3.23333,0,2,SER3,2024-05-28
,24,05,CMP,PCI,ENFXPCI4,NUTRICION Y COCINA,F126PCI,F126PCI_LA ROPA Y OBJETOS PERSONALES NO SE GUARDAN FUERA DE LAS AREAS DE PRODUCCION O ELABORACION DE ALIMENTOS,1.5,1,2.15556,3.23333,0,2,SER3,2024-05-28
,24,05,CMP,PCI,ENFXPCI4,NUTRICION Y COCINA,F127PCI,"F127PCI_AL PERSONAL QUE MANIPULA ALIMENTOS, NO SE REALIZA CADA 6 MESES ESTUDIOS DE CONTROL",2.57143,5,4.37778,56.2857,0,2,SER3,2024-05-28
,24,05,CMP,PCI,ENFXPCI4,NUTRICION Y COCINA,F128PCI,"F128PCI_LOS ALIMENTOS NO SON TRANSPORTADOS EVITANDO LA CONTAMINACION FISICA, QUIMICA O BIOLOGICA",1.5,1,2.15556,3.23333,0,2,SER3,2024-05-28
,24,05,CMP,PCI,ENFXPCI4,NUTRICION Y COCINA,F129PCI,F129PCI_LOS VEHICULOS PARA TRANSPORTAR NO SE ENCUENTRAN LIMPIOS PARA EVITAR CONTAMINACION DE ALIMENTOS,2.57143,5,4.37778,56.2857,0,1,SER3,2024-05-28
,24,05,CMP,PCI,ENFXPCI4,NUTRICION Y COCINA,F131PCI,F131PCI_LA RECEPCION DE PRODUCTOS NO SE LLEVA A CABO UNICAMENTE POR LA ENTRADA DEL ALMACEN,1.5,1,2.15556,3.23333,0,1,SER3,2024-05-28
,24,05,CMP,PCI,ENFXPCI4,NUTRICION Y COCINA,F133PCI,"F133PCI_DURANTE LA RECEPCION DE PRODUCTOS, SE COLOCAN ALIMENTOS DIRECTAMENTE EN EL PISO",1.5,1,2.15556,3.23333,0,1,SER3,2024-05-28
,24,05,CMP,MMU,ENFXMMU2,RECEPCION Y REGISTRO DE MEDICAMENTOS,F18MMU,F18MMU_ERRORES EN LA RECEPCION Y REGISTRO DE MEDICAMENTOS Y DEMAS INSUMOS PARA LA SALUD,1.5,1,2.15556,3.23333,0,0,SER3,2024-05-28
,24,05,CMP,MUD,ENFXMUD2,RECEPCION Y REGISTRO DE INSUMOS PARA LA SALUD,F16MUD,F16MUD_ERRORES DE REGISTRO DE INSUMOS,1.5,1,2.15556,3.23333,0,0,SER3,2024-05-28
,24,05,CMP,ALM,ENFXALM2,RECEPCION Y REGISTRO,F14ALM,F14ALM_ERRORES DE REGISTRO DE INSUMOS,1.5,1,2.15556,3.23333,0,2,SER3,2024-05-28
,24,05,CMP,MMU,ENFXMMU4,GESTION DE INVENTARIOS DE FARMACIA,F37MMU,F37MMU_NO COINCIDENCIA CON LOS DIAS PROMEDIO DE INVENTARIO AUTORIZADOS,2.21429,5,4.37778,48.4683,0,1,SER3,2024-05-28
,24,05,CMP,MMU,ENFXMMU4,GESTION DE INVENTARIOS DE FARMACIA,F38MMU,F38MMU_NO COINCIDENCIA CON EL INDICE DE ROTACION DE INVENTARIO AUTORIZADO,1.5,1,2.15556,3.23333,0,0,SER3,2024-05-28
,24,05,CMP,MMU,ENFXMMU4,GESTION DE INVENTARIOS DE FARMACIA,F39MMU,F39MMU_DESVIACIONES ENTRE INVENTARIO FISICO E INVENTARIO EN SISTEMA,2.21429,5,4.37778,48.4683,0,1,SER3,2024-05-28
,24,05,CMP,FMS,ENFXFMS4.1,EQUIPO Y TECNOLOGIA BIOMEDICA_GESTION DE INVENTARIOS,F107FMS,"F107FMS_INVENTARIO DE EQUIPO O INSTRUMENTAL AUSENTE, INCOMPLETO, INCORRECTO O NO VIGENTE",1.5,1,2.15556,3.23333,0,2,SER3,2024-05-28
,24,05,CMP,FMS,ENFXFMS4.1,EQUIPO Y TECNOLOGIA BIOMEDICA_GESTION DE INVENTARIOS,F108FMS,F108FMS_EQUIPO O INSTERUMENTAL DISTRIBUIDO SIN CARTA DE RESGUARDO,1.5,1,2.15556,3.23333,0,2,SER3,2024-05-28
,24,05,CMP,FMS,ENFXFMS4.1,EQUIPO Y TECNOLOGIA BIOMEDICA_GESTION DE INVENTARIOS,F109FMS,F109FMS_EQUIPO O INSTRUMENTAL FUERA DE UBICACION AUTORIZADA,1.5,5,4.37778,32.8333,0,1,SER3,2024-05-28
,24,05,CMP,MUD,ENFXMUD4,GESTION DE INVENTARIOS DE INSUMOS PARA LA SALUD,F26MUD,F26MUD_NO COINCIDENCIA CON LOS DIAS PROMEDIO DE INVENTARIO AUTORIZADOS,2.21429,5,4.37778,48.4683,0,1,SER3,2024-05-28
,24,05,CMP,ALM,ENFXALM4,GESTION DE INVENTARIOS,F24ALM,F24ALM_NO COINCIDENCIA CON LOS DIAS PROMEDIO DE INVENTARIO AUTORIZADOS,1.5,1,2.15556,3.23333,0,1,SER3,2024-05-28
,24,05,CMP,ALM,ENFXALM4,GESTION DE INVENTARIOS,F26ALM,F26ALM_PRODUCTOS PERDIDOS,1.5,1,2.15556,3.23333,0,2,SER3,2024-05-28
,24,05,CMP,ALM,ENFXALM4,GESTION DE INVENTARIOS,F27ALM,"F27ALM_INVENTARIO DE EQUIPO O INSTRUMENTAL AUSENTE, INCOMPLETO, INCORRECTO O NO VIGENTE",1.5,1,2.15556,3.23333,0,1,SER3,2024-05-28
,24,05,CMP,ALM,ENFXALM4,GESTION DE INVENTARIOS,F29ALM,F29ALM_EQUIPO O INSTRUMENTAL FUERA DE UBICACION AUTORIZADA,1.5,1,2.15556,3.23333,0,1,SER3,2024-05-28
,24,05,CMP,ALM,ENFXALM1,SELECCION Y ADQUISICION,F2ALM,F2ALM_INSUMO SOLICITADO FUERA DE STOCK,1.5,1,2.15556,3.23333,0,2,SER3,2024-05-28
,24,05,CMP,ALM,ENFXALM1,SELECCION Y ADQUISICION,F4ALM,F4ALM_INCLUSION DE INSUMO SIN PREVIA AUTORIZACION,1.5,1,2.15556,3.23333,0,1,SER3,2024-05-28
,24,05,CMP,ALM,ENFXALM1,SELECCION Y ADQUISICION,F5ALM,F5ALM_BAJA DE INSUMO SIN PREVIA AUTORIZACION ,1.5,1,2.15556,3.23333,0,2,SER3,2024-05-28
,24,05,CMP,ALM,ENFXALM1,SELECCION Y ADQUISICION,F6ALM,F6ALM_OMISIONES O ERRORES EN EL REGISTRO DE CADUCIDAD EN LAS ENTRADAS DE INSUMOS,1.5,1,2.15556,3.23333,0,2,SER3,2024-05-28
,24,05,CMP,ALM,ENFXALM1,SELECCION Y ADQUISICION,F7ALM,F7ALM_RETRASO EN LA AUTORIZACION DE COMPRAS DE CUALQUIER TIPO,1.5,1,2.15556,3.23333,0,2,SER3,2024-05-28
,24,05,CMP,ALM,ENFXALM1,SELECCION Y ADQUISICION,F8ALM,F8ALM_DESABASTO DE INSUMOS,1.5,1,2.15556,3.23333,0,2,SER3,2024-05-28
,24,05,CMP,ALM,ENFXALM1,SELECCION Y ADQUISICION,F9ALM,F9ALM_RETRASO EN LA COMPRA DE INSUMOS EN SITUACIONES DE URGENCIA,1.5,1,2.15556,3.23333,0,2,SER3,2024-05-28
,24,05,CMP,ALM,ENFXALM1,SELECCION Y ADQUISICION,F10ALM,F10ALM_RETRASO EN LA COMPRA DE INSUMOS FUERA DE CUADRO BASICO,1.5,1,2.15556,3.23333,0,2,SER3,2024-05-28
,24,05,CMP,ALM,ENFXALM1,SELECCION Y ADQUISICION,F11ALM,F11ALM_ERRORES EN LOS DATOS DE LA FACTURA,1.5,1,2.15556,3.23333,0,2,SER3,2024-05-28
,24,05,CMP,ALM,ENFXALM1,SELECCION Y ADQUISICION,F12ALM,F12ALM_INCUMPLIMIENTO DE ESPECIFICACIONES DE CALIDAD DEL PROVEEDOR,1.5,1,2.15556,3.23333,0,2,SER3,2024-05-28
,24,05,ZAP1,EXPCLI,ENFXEXPCLI150,EXPEDIENTE CLINICO,F6EXPCLI,"F6EXPCLI_IDENTIFICACION DE PACIENTE PRESENTE, CORRECTA Y COMPLETA EN TODAS LAS HOJAS",1.85714,4,3.82222,28.3937,0,2,ENF2,2024-05-01
,24,05,ZAP1,EXPCLI,ENFXEXPCLI150,EXPEDIENTE CLINICO,F1EXPCLI,"F1EXPCLI_IDENTIFICADOR UNICO DE EXPEDIENTE PRESENTE, CORRECTO",1.5,1,2.15556,3.23333,0,3,ENF2,2024-05-04
,24,05,ZAP1,PCI,ENFXPCI1,PREVENCION DE ULCERAS POR PRESION,F1PCI,F1PCI_NO SE VALORA EL RIESGO DE ULCERAS POR ESCALAS CONOCIDAS,1.5,1,2.15556,3.23333,0,0,ENF2,2024-05-04
,24,05,ZAP1,MMU,ENFXMMU6,TRANSCRIPCION DE MEDICAMENTOS,F61MMU,F61MMU_TRANSCRIPCION A KARDEX DE ENFERMERIA INCORRECTA O INCOMPLETA,1.5,1,2.15556,3.23333,0,2,ENF2,2024-05-04
,24,05,ZAP1,MMU,ENFXMMU8,DISPENSACION Y DISTRIBUCION DE MEDICAMENTOS,F78MMU,F78MMU_LOS MEDICAMENTOS NO SE PREPARAN EN CONDICIONES SEGURAS E HIGIENICAS,1.5,1,2.15556,3.23333,0,1,ENF2,2024-05-04
,24,05,ZAP1,MMU,ENFXMMU10,ADMINISTRACION DE MEDICAMENTOS,F95MMU,F95MMU_MEDICAMENTO NO ADMINISTRADO,1.5,1,2.15556,3.23333,0,1,ENF2,2024-05-04
,24,05,ZAP1,PFE,ENFXPFE1,INTERVENCIONES DE EDUCACION,F6PFE,F6PFE_NO SE OTORGA EDUCACION RELACIONADA CON EL MANEJO DEL DOLOR,1.5,1,2.15556,3.23333,0,3,ENF2,2024-05-04
,24,05,ZAP1,PFE,ENFXPFE1,INTERVENCIONES DE EDUCACION,F14PFE,F14PFE_NO SE OTORGA EDUCACION RELACIONADA CON LOS MOMENTOS CRITICOS PARA IDENTIFICACION DE PACIENTE,1.5,1,2.15556,3.23333,0,0,ENF2,2024-05-04
,24,05,ZAP1,PFE,ENFXPFE1,INTERVENCIONES DE EDUCACION,F15PFE,F15PFE_NO SE OTORGA EDUCACION RELACIONADA CON LA HIGIENE DE MANOS,2.45238,4,3.82222,37.4942,0,4,ENF2,2024-05-04
,24,05,ZAP1,PFE,ENFXPFE1,INTERVENCIONES DE EDUCACION,F16PFE,F16PFE_NO SE OTORGA EDUCACION RELACIONADA CON LA PREVENCION DE CAIDAS,1.5,1,2.15556,3.23333,0,4,ENF2,2024-05-04
,24,05,ZAP1,ACC,ENFXACC9,TRASLADO DE PACIENTES,F44ACC,F44ACC_TRASLADO DE PACIENTE SIN PERSONAL CAPACITADO ,1.5,1,2.15556,3.23333,0,2,ENF2,2024-05-04
,24,05,ZAP1,AOP,ENFXAOP1,EVALUACION INICIAL EN PACIENTE HOSPITALIZADO,F4AOP,F4AOP_EVALUACION INICIAL DE ENFERMERIA NO REALIZADA DENTRO DE LAS PRIMERAS 24 HORAS DE INTERNAMIENTO,1.5,1,2.15556,3.23333,0,2,ENF2,2024-05-04
,24,05,ZAP1,AOP,ENFXAOP1,EVALUACION INICIAL EN PACIENTE HOSPITALIZADO,F6AOP,"F6AOP_EVALUACION DEL DOLOR AL PRIMER CONTACTO CLINICO AUSENTE, INCOMPLETA O INCORRECTA (INTENSIDAD FRECUENCIA, LOCALIZACION, DURACION)",1.5,1,2.15556,3.23333,0,1,ENF2,2024-05-04
,24,05,ZAP1,AOP,ENFXAOP3,EVALUACION INICIAL EN PACIENTE AMBULATORO,F27AOP,F27AOP_HISTORIA CLINICA NO REALIZADA ANTES DEL PROCEDIMIENTO O TRATAMIENTO MOTIVO DEL INGRESO,1.5,1,2.15556,3.23333,0,0,ENF2,2024-05-04
,24,05,ZAP1,AOP,ENFXAOP4,REVALORACION DE PACIENTE,F40AOP,"F40AOP_EVALUACION DE DOLOR A CAMBIO DE SERVICIO AUSENTE, INCOMPLETA O INCORRECTA (INTENSIDAD FRECUENCIA, LOCALIZACION, DURACION)",1.5,1,2.15556,3.23333,0,3,ENF2,2024-05-04
,24,05,ZAP1,COP,ENFXCOP2,REGISTRO DE INTERVENCIONES Y RESULTADOS,F18COP,"F18COP_INTERVENCIONES DE ENFERMERIA AUSENTES, INCORRECTAS O INCOMPLETAS EN EXPEDIENTE",1.5,1,2.15556,3.23333,0,0,ENF2,2024-05-04
,24,05,ZAP1,COP,ENFXCOP11,SUJECION DE PACIENTES,F125COP,"F125COP_REGISTRO DE INTERVENCION POR ENFERMERIA AUSENTE, INCOMPLETA O INCORRECTA EN EXPEDIENTE CLINICO",1.5,1,2.15556,3.23333,0,1,ENF2,2024-05-04
,24,05,ZAP1,ASC,ENFXASC1,ATENCION ANESTESICA,F9ASC,"F9ASC_MONITOREO DE PACIENTE DURANTE LA ANESTESIA AUSENTE, INCOMPLETO O INCORRECTO",1.5,1,2.15556,3.23333,0,0,ENF2,2024-05-04
,24,05,ZAP1,ASC,ENFXASC1,ATENCION ANESTESICA,F16ASC,F16ASC_EL ANESTESIOLOGO NO REALIZA LA VERIFICACION PREPROCEDIMIENTO,1.5,1,2.15556,3.23333,0,0,ENF2,2024-05-04
,24,05,ZAP1,ASC,ENFXASC2,ATENCION QUIRURGICA,F22ASC,"F22ASC_REGISTROS PREOPERATORIOS DE ENFERMERIA AUSENTES, INCOMPLETOS O INCORRECTOS",1.5,1,2.15556,3.23333,0,1,ENF2,2024-05-04
,24,05,ZAP1,ACC,ENFXACC2,ACEPTACION DE PACIENTES,F7ACC,F7ACC_PACIENTE INGRESA A QUIROFANO PARA PROCEDIMIENTOS MAYORES SIN CUMPLIR CON CRITERIOS DE ACEPTACION,1.5,1,2.15556,3.23333,0,0,ENF2,2024-05-09
,24,05,ZAP1,ACC,ENFXACC4,INFORMES A PACIENTE O FAMILAR,F11ACC,"F11ACC_LA INFORMACION AL PACIENTE O FAMILIAR DURANTE EL INGRESO ES AUSENTE, TARDIA, INCOMPLETA O INCORRECTA",1.5,1,2.15556,3.23333,0,0,ENF2,2024-05-09
,24,05,ZAP1,SQE,ENFXSQE10,DOCUMENTACION DEL PERSONAL ,F80SQE,"F80SQE_EVIDENCIA DE CAPACITACION BRINDADA POR LA ORGANIZACION AUSENTE, INCOMPLETA, INCORRECTA O DESACTUALIZADA",1.5,1,2.15556,3.23333,0,10,ENF2,2024-04-15
,24,05,ZAP1,MMU,ENFXMMU8,DISPENSACION Y DISTRIBUCION DE MEDICAMENTOS,F83MMU,F83MMU_A LA DISPENSACION O DISTRIBUCION SE IDENTIFICA QUE EL MEDICAMENTO NO CORRESPONDE CON LO INDICADO O SOLICITADO,1.85714,5,4.37778,40.6508,0,1,FAR2,2024-05-31
,24,05,TM2,FMS,ENFXFMS1,PROTECCION DE LA ORGANIZACION,F1FMS,"F1FMS_EVIDENCIA DE INSPECCION INTEGRAL Y COMPLETA DE LAS INSTALACIONES PARA IDENTIFICAR NECESIDADES DE MANTENIMIENTO, SUSTITUCION O ACTUALIZACION AUSENTE INCOMPLETA O INCORRECTA",2.57143,4,3.82222,39.3143,0,3,SER1,2024-05-31
,24,05,TM2,FMS,ENFXFMS1,PROTECCION DE LA ORGANIZACION,F2FMS,"F2FMS_EVIDENCIA ANUAL DE INSPECCIONES DE INSTALACIONES DESPUES DE UN SINIESTRO AUSENTE, INCOMPLETA O INCORRECTA",1.5,1,2.15556,3.23333,0,2,SER1,2024-05-31
,24,05,TM2,FMS,ENFXFMS1,PROTECCION DE LA ORGANIZACION,F3FMS,"F3FMS_EVIDENCIA ANUAL DE INSPECCIONES DE INSTALACIONES DESPUES DE UNA REMODELACION O CONSTRUCCION AUSENTE, INCOMPLETA O INCORRECTA",1.5,1,2.15556,3.23333,0,2,SER1,2024-05-31
,24,05,TM2,FMS,ENFXFMS1,PROTECCION DE LA ORGANIZACION,F4FMS,"F4FMS_EVIDENCIA DE CUMPLIMIENTO DE PROGRAMA DE MANTENIMIENTO PREVENTIVO AUSENTE, INCOMPLETA O INCORRECTA",1.5,1,2.15556,3.23333,0,2,SER1,2024-05-31
,24,05,TM2,FMS,ENFXFMS1,PROTECCION DE LA ORGANIZACION,F5FMS,"F5FMS_IDENTIFICACION DE RIESGOS POR ACTOS Y CONDICIONES INSEGURAS PREVIO A INICIAR CONSTRUCCION O REMODELACION AUSENTES, INCOMPLETA O INCORRECTA",1.5,3,3.26667,14.7,0,0,SER1,2024-05-31
,24,05,TM2,FMS,ENFXFMS1,PROTECCION DE LA ORGANIZACION,F7FMS,"F7FMS_IDENTIFICACION DE RIESGOS POR FUEGO Y HUMO PREVIO A INICIAR CONSTRUCCION O REMODELACION AUSENTES, INCOMPLETA O INCORRECTA",1.5,1,2.15556,3.23333,0,0,SER1,2024-05-31
,24,05,TM2,FMS,ENFXFMS1,PROTECCION DE LA ORGANIZACION,F8FMS,"F8FMS_IDENTIFICACION DE RIESGOS DE ACTIVIDADES DE QUE AFECTAN LA OPERACION PREVIO A INICIAR CONSTRUCCION O REMODELACION AUSENTES, INCOMPLETA O INCORRECTA",2.57143,5,4.37778,56.2857,0,1,SER1,2024-05-31
,24,05,TM2,FMS,ENFXFMS1,PROTECCION DE LA ORGANIZACION,F10FMS,"F10FMS_IDENTIFICACION DE RIESGOS A INFECCIONES NOSOCOMIALES PREVIO A INICIAR CONSTRUCCION O REMODELACION AUSENTES, INCOMPLETA O INCORRECTA",2.57143,5,4.37778,56.2857,0,3,SER1,2024-05-31
,24,05,TM2,FMS,ENFXFMS1,PROTECCION DE LA ORGANIZACION,F13FMS,"F13FMS_POSTERIOR A UNA REMODELACION O CONSTRUCCION, INICIAR OPERACION SIN GARANTIZAR LAS CONDICIONES DE SEGURIDAD",1.5,1,2.15556,3.23333,0,0,SER1,2024-05-31
,24,05,TM2,FMS,ENFXFMS1.1,PROTECCION DE LA ORGANIZACION_SEGURIDAD Y SALUD,F20FMS,"F20FMS_SEÑALAMIENTOS PARA PREVENCION DE ACTOS O CONDICIONES INSEGURAS NO VISIBLES, AUSENTES, MALTRATADOS O EQUIVOCADOS",2.57143,5,4.37778,56.2857,0,3,SER1,2024-05-31
,24,05,TM2,FMS,ENFXFMS1,PROTECCION DE LA ORGANIZACION,F15FMS,F15FMS_PROVEEDOR DE REMODELACION O CONSTRUCCION NO CUMPLE CON ESPECIFICACIONES DE CALIDAD,2.21429,5,4.37778,48.4683,0,1,SER1,2024-05-31
,24,05,TM2,FMS,ENFXFMS6,EMERGENCIAS EXTERNAS,F179FMS,"F179FMS_EVIDENCIA DE AL MENOS UN SIMULACRO AL AÑO DE EVACUACION AUSENTE, INCOMPLETA O INCORRECTA",1.5,1,2.15556,3.23333,0,0,SER1,2024-05-31
,24,05,TM2,FMS,ENFXFMS6,EMERGENCIAS EXTERNAS,F176FMS,F176FMS_ERRORES EN LA OPERACION DE LAS BRIGADAS DURANTE SITUACIONES DE EMERGENCIA O DESASTRE,1.5,1,2.15556,3.23333,0,0,SER1,2024-05-31
,24,05,TM2,FMS,ENFXFMS6,EMERGENCIAS EXTERNAS,F173FMS,F173FMS_ERRORES DE ACTUACION DURANTE LA RESPUESTA A SITUACIONES DE EMERGENCIAS O DESASTRES,1.5,1,2.15556,3.23333,0,0,SER1,2024-05-31
,24,05,TM2,FMS,ENFXFMS1.1,PROTECCION DE LA ORGANIZACION_SEGURIDAD Y SALUD,F26FMS,F26FMS_NO UTILIZAR ROPA O CALZADO ADECUADO PARA LAS ACTIVIDADES A REALIZAR DENTRO DE LAS INSTALACIONES,1.5,1,2.15556,3.23333,0,0,SER1,2024-05-31
,24,05,TM2,FMS,ENFXFMS1.1,PROTECCION DE LA ORGANIZACION_SEGURIDAD Y SALUD,F27FMS,F27FMS_AREAS RESTRINGIDAS SIN CONTROL DE ACCESO,1.5,1,2.15556,3.23333,0,0,SER1,2024-05-31
,24,05,TM2,FMS,ENFXFMS5,SERVICIOS PRIORITARIOS PARA LA OPERACION,F159FMS,F159FMS_ALTERNATIVAS DE SUMINISTRO DE SERVICIOS PRIORITARIOS EN CASO DE FALLAS O EMERGENCIAS NO FUNCIONALES,2.57143,5,4.37778,56.2857,0,1,SER1,2024-05-31
,24,05,TM2,FMS,ENFXFMS1,PROTECCION DE LA ORGANIZACION,F45FMS,F45FMS_EQUIPOS DE LA EMPRESA DENTRO DE LAS INSTALACIONES SIN CONTROL DE EGRESO,1.5,1,2.15556,3.23333,0,0,SER1,2024-05-31
,24,05,TM2,FMS,ENFXFMS5,SERVICIOS PRIORITARIOS PARA LA OPERACION,F155FMS,"F155FMS_EVALUACION DE SERVICIOS SUBROGADOS AUSENTE, INCOMPLETA O INCORRECTA",2.57143,5,4.37778,56.2857,0,1,SER1,2024-05-31
,24,05,TM2,FMS,ENFXFMS1.1,PROTECCION DE LA ORGANIZACION_SEGURIDAD Y SALUD,F31FMS,F31FMS_RUTINAS DE VIGILANCIA NO CUMPLIDAS,1.5,1,2.15556,3.23333,0,1,SER1,2024-05-31
,24,05,TM2,PCI,ENFXPCI8,LIMPIEZA Y DESINFECCION DE INSTALACIONES Y MEDIOS DE TRANSPORTE,F266PCI,"F266PCI_PROGRAMA DE EXHAUSTIVOS DE VEHICULOS PARA TRANSPORTE AUSENTE, INCOMPLETO O INCORRECTO",1.5,1,2.15556,3.23333,0,0,SER1,2024-05-31
,24,05,TM2,ALM,ENFXALM5,DISTRIBUCION,F31ALM,F31ALM_OMISIONES O ERRORES EN EL REGISTRO DE SALIDAS,1.5,1,2.15556,3.23333,0,0,SER1,2024-05-31
,24,05,TM2,ALM,ENFXALM5,DISTRIBUCION,F34ALM,"F34ALM_INSUMO, EQUIPO O MATERIAL NO CLINICO DISTRIBUIDO SIN CARTA DE RESGUARDO",1.5,1,2.15556,3.23333,0,0,SER1,2024-05-31
,24,05,TM2,ALM,ENFXALM5,DISTRIBUCION,F32ALM,F32ALM_ERRORES EN LA DISTRIBUCION,1.5,1,2.15556,3.23333,0,1,SER1,2024-05-31
,24,05,TM2,ALM,ENFXALM2,RECEPCION Y REGISTRO,F13ALM,F13ALM_ERRORES EN LA RECEPCION Y REGISTRO DE INSUMOS,1.5,1,2.15556,3.23333,0,0,SER1,2024-05-31
,24,05,TM2,GLD,ENFXGLD6,RUTINAS GERENCIALES,F32GLD,F32GLD_NO SE SUPERVISAN DE MANERA CONTINUA LOS SERVICIOS SUBROGADOS,1.5,1,2.15556,3.23333,0,2,SER1,2024-05-31
,24,05,CMP,ALM,ENFXALM1,SELECCION Y ADQUISICION,F1ALM,F1ALM_CUADRO BASICO DE INSUMOS NO DISPONIBLE EN LAS AREAS DE PRESCRIPCION,1.5,1,2.15556,3.23333,0,0,SER3,2024-05-31
,24,06,TM2,SQE,ENFXSQE5,ORIENTACION,F32SQE,"F32SQE_EVIDENCIA DE INDUCCION A PERSONAL DE NUEVO INGRESO AUSENTE, INCOMPLETA O INCORRECTA (BARRERAS DE SEGURIDAD, DEFINICIONES OPERATIVAS DE EVENTOS, PREVENCION DE INFECCIONES, EQUIPO DE PROTECCION PERSONAL, COMUNICACIÓN DE RIESGOS Y PELIGROS DE SEGURIDAD)",2.72449,3,3.26667,26.7,0,29,RH3,2024-05-31
,24,06,ZAP1,PCI,ENFXPCI2.7,VIGILANCIA EPIDEMIOLOGICA_LINEAS VASCULARES,F48PCI,F48PCI_NO REALIZA ASEPSIA CORRECTA EN EL SITIO DE INSERCION,1.5,1,2.15556,3.23333,0,0,ENF2,2024-06-11
,24,06,ZAP1,PCI,ENFXPCI2.7,VIGILANCIA EPIDEMIOLOGICA_LINEAS VASCULARES,F50PCI,F50PCI_NO COLOCAR MEMBRETE DE IDENTIFICACION,1.5,1,2.15556,3.23333,0,0,ENF2,2024-06-11
,24,06,ZAP1,PCI,ENFXPCI3.1,RIESGO DE TRANSMISION_EPP,F87PCI,F87PCI_AL REALIZAR UN PROCEDIMIENTO ASEPTICO O ESTERIL EL PERSONAL NO USA GUANTES,1.5,1,2.15556,3.23333,0,0,ENF2,2024-06-11
,24,06,ZAP1,PCI,ENFXPCI3.1,RIESGO DE TRANSMISION_EPP,F88PCI,F88PCI_AL REALIZAR UN PROCEDIMIENTO ASEPTICO O ESTERIL EL PERSONAL NO USA CUBREBOCAS,1.5,1,2.15556,3.23333,0,0,ENF2,2024-06-11
,24,06,ZAP1,PCI,ENFXPCI4,NUTRICION Y COCINA,F124PCI,"F124PCI_NO TIENEN UÑAS CORTAS, SIN ESMALTE, SIN UÑAS POSTIZAS",1.5,1,2.15556,3.23333,0,0,ENF2,2024-06-11
,24,06,ZAP1,PCI,ENFXPCI9,MANEJO DE RPBI,F288PCI,F288PCI_MATERIAL PUNZOCORTANTE NO SE CLASIFICA EN CONTENEDORES RIGIDOS ROJO PARA DESECHO,1.5,1,2.15556,3.23333,0,0,ENF2,2024-06-11
,24,06,ZAP1,PCI,ENFXPCI9,MANEJO DE RPBI,F313PCI,F313PCI_ERRORES EN LA CLASIFICACION DE RPBI,1.5,1,2.15556,3.23333,0,0,ENF2,2024-06-11
,24,06,ZAP1,PCI,ENFXPCI2.7,VIGILANCIA EPIDEMIOLOGICA_LINEAS VASCULARES,F52PCI,F52PCI_NO LAVAR VIA VENOSA DESPUES DE LA ADMINISTRACION DE MEDICAMENTOS Y/O HEMODERIVADOS,1.5,1,2.15556,3.23333,0,6,ENF2,2024-06-11
,24,06,ZAP1,GLD,ENFXGLD1,GOBIERNO,F10GLD,F10GLD_FALTA DE EQUIPOS Y TECNOLOGIAS PARA BRINDAR SERVICIOS,1.5,1,2.15556,3.23333,0,4,GEM2,2024-05-31
,24,06,ZAP1,GLD,ENFXGLD1,GOBIERNO,F9GLD,F9GLD_FALTA DE RECURSOS HUMANOS PARA BRINDAR SERVICIOS,1.5,3,3.26667,14.7,0,0,GEM2,2024-05-31
,24,06,ZAP1,GLD,ENFXGLD11,TAREAS,F73GLD,F73GLD_TAREAS NO CUMPLIDAS,3.64285,3,3.26667,35.7,0,136,GEM2,2024-05-31
,24,06,ZAP1,GLD,ENFXGLD11,TAREAS,F74GLD,F74GLD_TAREAS CUMPLIDAS  A DESTIEMPO,3.64285,5,4.37778,79.738,0,21,GEM2,2024-05-31
,24,06,ZAP1,GLD,ENFXGLD6,RUTINAS GERENCIALES,F43GLD,F43GLD_LOS RESPONSABLES DE LAS AREAS O SERVICIOS NO RESUELVEN ANTE LA ESCASEZ DE RECURSOS HUMANOS O MATERIALES,1.5,1,2.15556,3.23333,0,0,GEM2,2024-05-31
,24,06,ZAP1,GLD,ENFXGLD7,DIRECCION_CAPACITACION,F44GLD,"F44GLD_LOS RESPONSABLES DE LAS AREAS O SERVICIOS NO PARTICIPAN ACTIVAMENTE EN LA IDENTIFICACION DE NECESIDADES DE EDUCACION, DESTREZAS, CONOCIMIENTO Y EXPERIENCIAS PARA DETERMINACION DE LOS PERFILES DE PUESTO",1.5,1,2.15556,3.23333,0,0,GEM2,2024-05-31
,24,06,ZAP1,GLD,ENFXGLD7,DIRECCION,F47GLD,"F47GLD_LA INDUCCION AL PERSONAL GARANTIZADA POR LOS RESPONSABLES DE LOS DEPARTAMENTOS O SERVICIOS NO EXISTE, ESTA INCOMPLETA O INCORRECTA",1.5,3,3.26667,14.7,0,0,GEM2,2024-05-31
,24,06,ZAP1,GLD,ENFXGLD8,LINEAMIENTOS OPERATIVOS,F48GLD,"F48GLD_LOS RESPONSABLES DE LOS DEPARTAMENTOS O SERVICIOS NO PARTICIPAN ACTIVAMENTE EN LA ELABORACION DE PLANES, LINEAMIENTOS, PROCESOS Y PROCEDIMIENTOS OPERATIVOS",1.5,1,2.15556,3.23333,0,0,GEM2,2024-05-31
,24,06,ZAP1,GLD,ENFXGLD8,LINEAMIENTOS OPERATIVOS,F49GLD,"F49GLD_LOS RESPONSABLES DE LOS DEPARTAMENTOS O SERVICIOS NO PARTICIPAN ACTIVAMENTE EN EL CUMPLIMIENTO CON LOS LINEAMIENTOS, PROCESOS Y PROCEDIMIENTOS OPERATIVOS",1.5,1,2.15556,3.23333,0,0,GEM2,2024-05-31
,24,06,ZAP1,GLD,ENFXGLD6,RUTINAS GERENCIALES,F51GLD,F51GLD_LOS RESPONSABLES DE LOS DEPARTAMENTOS O SERVICIOS NO SUPERVISAN SUS PROCESOS,1.5,1,2.15556,3.23333,0,0,GEM2,2024-05-31
,24,06,ZAP1,GLD,ENFXGLD6,RUTINAS GERENCIALES,F53GLD,F53GLD_LOS LIDERES NO CUMPLEN CON SUS FUNCIONES,1.5,1,2.15556,3.23333,0,0,GEM2,2024-05-31
,24,06,ZAP1,GLD,ENFXGLD7,DIRECCION_RIESGOS,F54GLD,F54GLD_LOS RESPONSABLES DE LOS DEPARTAMENTOS O SERVICIOS NO IDENTIFICAN SUS RIESGOS,1.5,1,2.15556,3.23333,0,0,GEM2,2024-05-31
,24,06,ZAP1,GLD,ENFXGLD7,DIRECCION_TAREAS,F55GLD,F55GLD_LOS RESPONSABLES DE LOS DEPARTAMENTOS O SERVICIOS NO CUMPLEN SUS COMPROMISOS,1.5,1,2.15556,3.23333,0,0,GEM2,2024-05-31
,24,06,ZAP1,GLD,ENFXGLD9,DIRECCION_JUNTA OPERATIVA,F57GLD,F57GLD_LOS RESPONSABLES DE LOS DEPARTAMENTOS O SERVICIOS NO RESUELVEN LOS PROBLEMAS OPERATIVOS,1.5,1,2.15556,3.23333,0,0,GEM2,2024-05-31
,24,07,ZAP1,MISP,ENFXMISP1,IDENTIFICACION DE PACIENTE,F1MISP,F1MISP_NO SE CONFIRMA VERBALMENTE DATOS DE IDENTIFICACION DE PACIENTE CON PACIENTE O FAMILIAR AL PRIMER CONTACTO,1.5,1,2.15556,3.23333,0,5,ENF2,2024-06-01
,24,07,ZAP1,SQE,ENFXSQE2,EXPEDIENTE DE PERSONAL CLINICO,F13SQE,"F13SQE_VERIFICACION DE FUENTE ORIGINAL DE PERSONAL CLINICO AUSENTE, INCOMPLETA O INCORRECTA",1.5,1,2.15556,3.23333,0,20,RH1,2024-06-03
,24,07,ZAP1,MISP,ENFXMISP1,IDENTIFICACION DE PACIENTE,F2MISP,F2MISP_NO SE REGISTRA CONFIRMACION DE IDENTIFICACION DE PACIENTE AL PRIMER CONTACTO CLINICO EN EXPEDIENTE,1.5,1,2.15556,3.23333,0,10,ENF2,2024-06-01
,24,07,ZAP1,MISP,ENFXMISP1,IDENTIFICACION DE PACIENTE,F3MISP,"F3MISP_ETIQUETAS O IDENTIFICADORES CON DATOS DE IDENTIFICACION DE PACIENTE AUSENTES, INCOMPLETOS O INCORRECTOS",2.92857,1,2.15556,6.3127,0,9,ENF2,2024-06-01
,24,07,ZAP1,MISP,ENFXMISP1,IDENTIFICACION DE PACIENTE,F8MISP,F8MISP_ETIQUETA DE MEDICAMENTO NO COINCIDE CON IDENTIFICACION DE PACIENTE ,1.5,1,2.15556,3.23333,0,8,ENF2,2024-06-01
,24,07,ZAP1,MISP,ENFXMISP1,IDENTIFICACION DE PACIENTE,F9MISP,F9MISP_ETIQUETA DE INFUSION INTRAVENOSA NO COINCIDE CON IDENTIFICACION DE PACIENTE ,1.5,1,2.15556,3.23333,0,5,ENF2,2024-06-01
,24,07,ZAP1,MISP,ENFXMISP4,PROCEDIMIENTOS CORRECTOS,F61MISP,F61MISP_COLOCACION DE ACCESOS VASCULARES REALIZAR NO COINCIDE CON PACIENTE CORRECTO,1.5,1,2.15556,3.23333,0,2,ENF2,2024-06-01
,24,07,ZAP1,MISP,ENFXMISP1,IDENTIFICACION DE PACIENTE,F20MISP,F20MISP_PROCEDIMIENTO O TRATAMIENTO INVASIVO Y DE ALTO RIESGO NO COINCIDE CON IDENTIFICACION DE PACIENTE CORRECTO,1.5,1,2.15556,3.23333,0,5,ENF2,2024-06-01
,24,07,ZAP1,MISP,ENFXMISP4,PROCEDIMIENTOS CORRECTOS,F41MISP,F41MISP_MARCADO FISICO DEL SITIO QUIRURGICO AUSENTE O INCORRECTO PREVIO A INICIAR PROCEDIMIENTO,2.92857,5,4.37778,64.1032,0,1,ENF2,2024-06-01
,24,07,ZAP1,MISP,ENFXMISP4,PROCEDIMIENTOS CORRECTOS,F49MISP,"F49MISP_PREVIO A PROCEDIMIENTO QUIRURGICOS, REQUERIMIENTOS O EQUIPOS NO DISPONIBLES O CONDICIONES CLINICAS NO IDENTIFICADAS ",1.5,1,2.15556,3.23333,0,5,ENF2,2024-06-01
,24,07,ZAP1,MISP,ENFXMISP4,PROCEDIMIENTOS CORRECTOS,F55MISP,F55MISP_PROCEDIMIENTO QUIRURGICO A REALIZAR NO COINCIDE CON PACIENTE CORRECTO,1.5,1,2.15556,3.23333,0,3,ENF2,2024-06-01
,24,07,ZAP1,MISP,ENFXMISP4,PROCEDIMIENTOS CORRECTOS,F63MISP,F63MISP_PACIENTE EGRESA DE SALA QUIRURGICA EN CONDICIONES INSEGURAS,1.5,1,2.15556,3.23333,0,4,ENF2,2024-06-01
,24,07,ZAP1,MISP,ENFXMISP4,PROCEDIMIENTOS CORRECTOS,F64MISP,F64MISP_NO REALIZAR VERIFICACION PREPROCEDIMIENTO,1.5,1,2.15556,3.23333,0,4,ENF2,2024-06-01
,24,07,ZAP1,MISP,ENFXMISP4,PROCEDIMIENTOS CORRECTOS,F65MISP,F65MISP_NO REALIZAR TIEMPO FUERA,3.04762,2,2.71111,16.5249,0,8,ENF2,2024-06-01
,24,07,ZAP1,MISP,ENFXMISP4,PROCEDIMIENTOS CORRECTOS,F66MISP,F66MISP_NO REALIZAR VERIFICACION DE SALIDA DE SALA QUIRURGICA,2.92857,2,2.71111,15.8794,0,3,ENF2,2024-06-01
,24,07,ZAP1,MISP,ENFXMISP6,PREVENCION DE CAIDAS,F110MISP,"F110MISP_REVALORACION DE RIESGO DE CAIDAS AL TERMINO DE CADA PROCEDIMIENTO O TRATAMIENTO QUE CAMBIE ESTADO FISIOLOGICO AUSENTE, INCOMPLETA O INCORRECTA",2.57143,2,2.71111,13.9429,0,4,ENF2,2024-06-01
,24,07,ZAP1,MISP,ENFXMISP6,PREVENCION DE CAIDAS,F109MISP,"F109MISP_REVALORACION DE RIESGO DE CAIDAS AL CAMBIO DE ESTADO FISIOLOGICO AUSENTE, INCOMPLETA O INCORRECTA",1.5,1,2.15556,3.23333,0,5,ENF2,2024-06-01
,24,07,ZAP1,MMU,ENFXMMU2,RECEPCION Y REGISTRO DE MEDICAMENTOS,F18MMU,F18MMU_ERRORES EN LA RECEPCION Y REGISTRO DE MEDICAMENTOS Y DEMAS INSUMOS PARA LA SALUD,1.5,1,2.15556,3.23333,0,4,ENF2,2024-06-01
,24,07,ZAP1,MMU,ENFXMMU2,RECEPCION Y REGISTRO DE MEDICAMENTOS,F19MMU,F19MMU_ERRORES DE REGISTRO DE MEDICAMENTOS,1.5,1,2.15556,3.23333,0,12,ENF2,2024-06-01
,24,07,ZAP1,MMU,ENFXMMU6,TRANSCRIPCION DE MEDICAMENTOS,F61MMU,F61MMU_TRANSCRIPCION A KARDEX DE ENFERMERIA INCORRECTA O INCOMPLETA,1.5,1,2.15556,3.23333,0,7,ENF2,2024-06-01
,24,07,ZAP1,MMU,ENFXMMU8,DISPENSACION Y DISTRIBUCION DE MEDICAMENTOS,F78MMU,F78MMU_LOS MEDICAMENTOS NO SE PREPARAN EN CONDICIONES SEGURAS E HIGIENICAS,1.5,1,2.15556,3.23333,0,3,ENF2,2024-06-01
,24,07,ZAP1,MMU,ENFXMMU8,DISPENSACION Y DISTRIBUCION DE MEDICAMENTOS,F87MMU,F87MMU_LOS MEDICAMENTOS PREPARADOS NO ESTAN ETIQUETADOS CORRECTAMENTE,1.5,1,2.15556,3.23333,0,5,ENF2,2024-06-01
,24,07,ZAP1,MMU,ENFXMMU8,DISPENSACION Y DISTRIBUCION DE MEDICAMENTOS,F88MMU,F88MMU_ERRORES EN LA PREPARACION DE MEDICAMENTOS Y SOLUCIONES,1.5,1,2.15556,3.23333,0,3,ENF2,2024-06-01
,24,07,ZAP1,MMU,ENFXMMU10,ADMINISTRACION DE MEDICAMENTOS,F94MMU,F94MMU_ADMINISTRACION DE MEDICAMENTOS REALIZADA POR PERSONAL NO AUTORIZADO,1.5,1,2.15556,3.23333,0,3,ENF2,2024-06-01
,24,07,ZAP1,MMU,ENFXMMU10,ADMINISTRACION DE MEDICAMENTOS,F95MMU,F95MMU_MEDICAMENTO NO ADMINISTRADO,1.5,1,2.15556,3.23333,0,3,ENF2,2024-06-01
,24,07,ZAP1,MMU,ENFXMMU10,ADMINISTRACION DE MEDICAMENTOS,F96MMU,F96MMU_NO SE REALIZA LA VERIFICACION DE LOS CORRECTOS PREVIO A LA ADMINISTRACION,2.92857,1,2.15556,6.3127,0,8,ENF2,2024-06-01
,24,07,ZAP1,MMU,ENFXMMU10,ADMINISTRACION DE MEDICAMENTOS,F97MMU,"F97MMU_REGISTROS DE ADMINISTRACION DE MEDICAMENTOS INCORRECTOS, INCOMPLETOS O AUSENTES",1.5,1,2.15556,3.23333,0,2,ENF2,2024-06-01
,24,07,ZAP1,MMU,ENFXMMU11,SOLUCIONES PARENTERALES,F101MMU,F101MMU_ERRORES EN LA MANEJO DE SOLUCIONES PARENTERALES,1.5,1,2.15556,3.23333,0,4,ENF2,2024-06-01
,24,07,ZAP1,PFE,ENFXPFE1,INTERVENCIONES DE EDUCACION,F1PFE,F1PFE_NO SE OTORGA EDUCACION BASADA EN LA CONDICION CLINICA DEL PACIENTE,1.5,1,2.15556,3.23333,0,6,ENF2,2024-06-01
,24,07,ZAP1,PFE,ENFXPFE1,INTERVENCIONES DE EDUCACION,F3PFE,F3PFE_NO SE OTORGA EDUCACION RELACIONADA CON EL USO SEGURO Y EFECTIVO DE MEDICAMENTOS,1.5,1,2.15556,3.23333,0,3,ENF2,2024-06-01
,24,07,ZAP1,PFE,ENFXPFE1,INTERVENCIONES DE EDUCACION,F6PFE,F6PFE_NO SE OTORGA EDUCACION RELACIONADA CON EL MANEJO DEL DOLOR,1.5,1,2.15556,3.23333,0,4,ENF2,2024-06-01
,24,07,ZAP1,PFE,ENFXPFE1,INTERVENCIONES DE EDUCACION,F11PFE,F11PFE_LOS PACIENTES O FAMILIARES NO RECIBEN INFORMACION ACERCA DE COMO PARTICIPAR EN EL PROCESO DE ATENCION,1.5,1,2.15556,3.23333,0,3,ENF2,2024-06-01
,24,07,ZAP1,PFE,ENFXPFE1,INTERVENCIONES DE EDUCACION,F15PFE,F15PFE_NO SE OTORGA EDUCACION RELACIONADA CON LA HIGIENE DE MANOS,2.45238,2,2.71111,13.2974,0,8,ENF2,2024-06-01
,24,07,ZAP1,PFE,ENFXPFE1,INTERVENCIONES DE EDUCACION,F16PFE,F16PFE_NO SE OTORGA EDUCACION RELACIONADA CON LA PREVENCION DE CAIDAS,2.92857,1,2.15556,6.3127,0,11,ENF2,2024-06-01
,24,07,ZAP1,PFE,ENFXPFE1,INTERVENCIONES DE EDUCACION,F19PFE,"F19PFE_NO SE VERIFICO COMPRENSION DE EDUCACION EN PACIENTE, FAMILIARES O CUIDADORES",1.5,1,2.15556,3.23333,0,6,ENF2,2024-06-01
,24,07,ZAP1,PFE,ENFXPFE1,INTERVENCIONES DE EDUCACION,F21PFE,"F21PFE_EVIDENCIA DE EDUCACION OTORGADA AUSENTE, INCOMPLETA O INCORRECTA",2.57143,2,2.71111,13.9429,0,8,ENF2,2024-06-01
,24,07,ZAP1,ACC,ENFXACC4,INFORMES A PACIENTE O FAMILAR,F11ACC,"F11ACC_LA INFORMACION AL PACIENTE O FAMILIAR DURANTE EL INGRESO ES AUSENTE, TARDIA, INCOMPLETA O INCORRECTA",1.5,1,2.15556,3.23333,0,4,ENF2,2024-06-01
,24,07,ZAP1,ACC,ENFXACC7,CONTINUIDAD DE LA ATENCION,F23ACC,"F23ACC_COMUNICACION POR CAMBIO DE TURNO O GUARDIA AUSENTE, INCOMPLETA O INCORRECTA",1.5,1,2.15556,3.23333,0,6,ENF2,2024-06-01
,24,07,ZAP1,PCI,ENFXPCI2.7,VIGILANCIA EPIDEMIOLOGICA_LINEAS VASCULARES,F47PCI,"F47PCI_VALORACION DE ACCESOS VASCULARES AUSENTE, INCOMPLETA O INCORRECTA",1.5,1,2.15556,3.23333,0,2,ENF2,2024-06-03
,24,07,ZAP1,PCI,ENFXPCI2.7,VIGILANCIA EPIDEMIOLOGICA_LINEAS VASCULARES,F48PCI,F48PCI_NO REALIZA ASEPSIA CORRECTA EN EL SITIO DE INSERCION,1.5,1,2.15556,3.23333,0,1,ENF2,2024-06-03
,24,07,ZAP1,PCI,ENFXPCI2.7,VIGILANCIA EPIDEMIOLOGICA_LINEAS VASCULARES,F50PCI,F50PCI_NO COLOCAR MEMBRETE DE IDENTIFICACION,1.5,1,2.15556,3.23333,0,2,ENF2,2024-06-03
,24,07,ZAP1,PCI,ENFXPCI2.7,VIGILANCIA EPIDEMIOLOGICA_LINEAS VASCULARES,F52PCI,F52PCI_NO LAVAR VIA VENOSA DESPUES DE LA ADMINISTRACION DE MEDICAMENTOS Y/O HEMODERIVADOS,1.5,1,2.15556,3.23333,0,2,ENF2,2024-06-03
,24,07,ZAP1,AOP,ENFXAOP1,EVALUACION INICIAL EN PACIENTE HOSPITALIZADO,F4AOP,F4AOP_EVALUACION INICIAL DE ENFERMERIA NO REALIZADA DENTRO DE LAS PRIMERAS 24 HORAS DE INTERNAMIENTO,1.5,1,2.15556,3.23333,0,4,ENF2,2024-06-01
,24,07,ZAP1,AOP,ENFXAOP1,EVALUACION INICIAL EN PACIENTE HOSPITALIZADO,F5AOP,"F5AOP_EVALUACION INICIAL DE ENFERMERIA AUSENTE, INCOMPLETA O INCORRECTA",1.5,1,2.15556,3.23333,0,2,ENF2,2024-06-01
,24,07,ZAP1,AOP,ENFXAOP1,EVALUACION INICIAL EN PACIENTE HOSPITALIZADO,F6AOP,"F6AOP_EVALUACION DEL DOLOR AL PRIMER CONTACTO CLINICO AUSENTE, INCOMPLETA O INCORRECTA (INTENSIDAD FRECUENCIA, LOCALIZACION, DURACION)",1.5,1,2.15556,3.23333,0,5,ENF2,2024-06-01
,24,07,ZAP1,AOP,ENFXAOP1,EVALUACION INICIAL EN PACIENTE HOSPITALIZADO,F24AOP,F24AOP_LAS NECESIDADES DE LOS PACIENTES NO SE PRIORIZAN SEGUN LOS RESULTADOS DE LA EVALUACION INICIAL,1.5,1,2.15556,3.23333,0,1,ENF2,2024-06-01
,24,07,ZAP1,SADRX,ENFXSADRX3,MONITOREO DE PACIENTE DURANTE ESTUDIO DE IMAGEN,F8SADRX,F8SADRX_VIGILANCIA DE CONDICIONES DEL PACIENTE AMBULATORIO DURANTE SU ESTANCIA EN EL SERVICIO AUSENTE,1.5,1,2.15556,3.23333,0,1,ENF2,2024-06-11
,24,07,ZAP1,COP,ENFXCOP12,UNIFORMIDAD DE LA ATENCION,F2COP,F2COP_LA CALIDAD DE LA ATENCION CLINICA Y NO CLINICA ES DISTINTA POR DIA DE LA SEMANA U HORARIO,1.5,1,2.15556,3.23333,0,4,ENF2,2024-06-28
,24,07,ZAP1,COP,ENFXCOP2,REGISTRO DE INTERVENCIONES Y RESULTADOS,F18COP,"F18COP_INTERVENCIONES DE ENFERMERIA AUSENTES, INCORRECTAS O INCOMPLETAS EN EXPEDIENTE",1.5,1,2.15556,3.23333,0,7,ENF2,2024-06-01
,24,07,ZAP1,MISP,ENFXMISP5,HIGIENE DE MANOS,F85MISP,F85MISP_NO REALIZAR HIGIENE DE MANOS ANTES DEL CONTACTO CON LA PIEL INTACTA O LA ROPA DEL PACIENTE,1.5,1,2.15556,3.23333,0,0,ENF2,2024-06-03
,24,07,ZAP1,MISP,ENFXMISP5,HIGIENE DE MANOS,F86MISP,F86MISP_NO REALIZAR HIGIENE DE MANOS ANTES DE UNA TAREA LIMPIA O ASEPTICA,1.5,1,2.15556,3.23333,0,0,ENF2,2024-06-03
,24,07,ZAP1,MISP,ENFXMISP5,HIGIENE DE MANOS,F87MISP,F87MISP_NO REALIZAR HIGIENE DE MANOS CON AGUA Y JABON AL ESTAR EXPUESTO A SANGRE O LIQUIDOS CORPORALES,1.5,1,2.15556,3.23333,0,0,ENF2,2024-06-03
,24,07,ZAP1,MISP,ENFXMISP5,HIGIENE DE MANOS,F88MISP,F88MISP_NO REALIZAR HIGIENE DE MANOS DESPUES DEL CONTACTO CON LA PIEL O LA ROPA DEL PACIENTE,2.92857,3,3.26667,28.7,0,2,ENF2,2024-06-03
,24,07,ZAP1,MISP,ENFXMISP6,PREVENCION DE CAIDAS,F106MISP,"F106MISP_EVALUACION INICIAL DE RIESGO DE CAIDAS AL PRIMER CONTACTO CON PACIENTE AUSENTE, INCOMPLETA O INCORRECTA",2.92857,1,2.15556,6.3127,0,7,ENF2,2024-06-03
,24,07,ZAP1,MISP,ENFXMISP6,PREVENCION DE CAIDAS,F107MISP,"F107MISP_REVALORACION DE RIESGO DE CAIDAS AL CAMBIO DE SERVICIO AUSENTE, INCOMPLETA O INCORRECTA",2.92857,1,2.15556,6.3127,0,7,ENF2,2024-06-03
,24,07,ZAP1,COP,ENFXCOP13,ATENCION INTEGRAL,F5COP,F5COP_SESIONES DE EVALUACION Y PLANEACION NO INTEGRA A PERSONAL DE TODAS LAS DISCIPLINAR INVOLUCRADAS ,2.21429,5,4.37778,48.4683,0,1,ENF2,2024-06-04
,24,07,ZAP1,ASC,ENFXASC1,ATENCION ANESTESICA,F9ASC,"F9ASC_MONITOREO DE PACIENTE DURANTE LA ANESTESIA AUSENTE, INCOMPLETO O INCORRECTO",1.5,1,2.15556,3.23333,0,0,ENF2,2024-06-03
,24,07,ZAP1,ASC,ENFXASC1,ATENCION ANESTESICA,F19ASC,F19ASC_PACIENTE EGRESA DE QUIROFANO SIN CONTAR CON CONDICIONES CLINICAS DE ESTABILIDAD,1.5,1,2.15556,3.23333,0,0,ENF2,2024-06-03
,24,07,ZAP1,ASC,ENFXASC2,ATENCION QUIRURGICA,F22ASC,"F22ASC_REGISTROS PREOPERATORIOS DE ENFERMERIA AUSENTES, INCOMPLETOS O INCORRECTOS",1.5,1,2.15556,3.23333,0,0,ENF2,2024-06-03
,24,07,ZAP1,ASC,ENFXASC2,ATENCION QUIRURGICA,F26ASC,F26ASC_PACIENTE CON ANESTESIA GENERAL NO INGRESA A RECUPERACION,1.5,1,2.15556,3.23333,0,0,ENF2,2024-06-03
,24,07,ZAP1,ASC,ENFXASC3,PLANEACION QUIRURIGICA,F27ASC,F27ASC_PROGRAMACION QUIRURGICA NO REALIZADA,1.5,1,2.15556,3.23333,0,0,ENF2,2024-06-03
,24,07,ZAP1,ASC,ENFXASC3,PLANEACION QUIRURIGICA,F28ASC,F28ASC_PLANEACION QUIRURGICA CON PERSONAL INVOLUCRADO PARA ESTABLECER O VERIFICAR REQUERIMIENTOS NO REALIZADA,1.5,1,2.15556,3.23333,0,0,ENF2,2024-06-03
,24,07,ZAP1,ASC,ENFXASC3,PLANEACION QUIRURIGICA,F29ASC,"F29ASC_INICIO DE PROCEDIMIENTO SIN REQUERIMIENTOS COMPLETOS, AUSENTES O INCORRECTOS",1.5,1,2.15556,3.23333,0,2,ENF2,2024-06-03
,24,07,ZAP1,EXPCLI,ENFXEXPCLI150,EXPEDIENTE CLINICO,F4EXPCLI,F4EXPCLI_EXPEDIENTE LEGIBLE Y EN LENGUAGE TECNICO MEDICO,1.5,1,2.15556,3.23333,0,2,ENF2,2024-06-03
,24,07,ZAP1,MISP,ENFXMISP5,HIGIENE DE MANOS,F84MISP,F84MISP_NO REALIZAR HIGIENE DE MANOS AL INICIO DE LA JORNADA LABORAL AL INGRESAR A SU AREA DE TRABAJO,2.92857,1,2.15556,6.3127,0,7,ENF2,2024-06-12
,24,06,ZAP1,SQE,ENFXSQE2,EXPEDIENTE DE PERSONAL CLINICO,F13SQE,"F13SQE_VERIFICACION DE FUENTE ORIGINAL DE PERSONAL CLINICO AUSENTE, INCOMPLETA O INCORRECTA",1.5,1,2.15556,3.23333,0,1,,2024-06-28
,24,06,ZAP1,SQE,ENFXSQE4,ASIGNACION Y REASIGNACION,F29SQE,"F29SQE_EVIDENCIA DE REASIGNACION DE PERSONAL AUSENTE, INCOMPLETA O INCORRECTA",2.21429,5,4.37778,48.4683,0,1,RH1,2024-06-28
,24,07,ZAP1,SQE,ENFXSQE4,ASIGNACION Y REASIGNACION,F29SQE,,1.5,1,2.15556,3.23333,0,1,RH1,2024-06-28
,24,06,ZAP1,COP,ENFXCOP2,REGISTRO DE INTERVENCIONES Y RESULTADOS,F18COP,"F18COP_INTERVENCIONES DE ENFERMERIA AUSENTES, INCORRECTAS O INCOMPLETAS EN EXPEDIENTE",1.5,1,2.15556,3.23333,0,3,ENF2,2024-06-03
,24,06,ZAP1,COP,ENFXCOP6,SOPORTE PARA LA CALIDAD DE VIDA,F63COP,"F63COP_EVIDENCIA DE MONITOREO DE SIGNOS Y SINTOMAS EN PACIENTES INTERNADOS AUSENTE, INCOMPLETA O INCORRECTA",1.5,1,2.15556,3.23333,0,9,ENF2,2024-06-03
,24,06,ZAP1,PFE,ENFXPFE1,INTERVENCIONES DE EDUCACION,F6PFE,F6PFE_NO SE OTORGA EDUCACION RELACIONADA CON EL MANEJO DEL DOLOR,1.5,1,2.15556,3.23333,0,0,ENF2,2024-06-03
,24,06,ZAP1,PFE,ENFXPFE1,INTERVENCIONES DE EDUCACION,F15PFE,F15PFE_NO SE OTORGA EDUCACION RELACIONADA CON LA HIGIENE DE MANOS,2.45238,2,2.71111,13.2974,0,3,ENF2,2024-06-03
,24,06,ZAP1,PFE,ENFXPFE1,INTERVENCIONES DE EDUCACION,F16PFE,F16PFE_NO SE OTORGA EDUCACION RELACIONADA CON LA PREVENCION DE CAIDAS,2.57143,2,2.71111,13.9429,0,8,ENF2,2024-06-03
,24,06,ZAP1,AOP,ENFXAOP1,EVALUACION INICIAL EN PACIENTE HOSPITALIZADO,F4AOP,F4AOP_EVALUACION INICIAL DE ENFERMERIA NO REALIZADA DENTRO DE LAS PRIMERAS 24 HORAS DE INTERNAMIENTO,1.5,1,2.15556,3.23333,0,0,ENF2,2024-06-10
,24,06,ZAP1,AOP,ENFXAOP1,EVALUACION INICIAL EN PACIENTE HOSPITALIZADO,F5AOP,"F5AOP_EVALUACION INICIAL DE ENFERMERIA AUSENTE, INCOMPLETA O INCORRECTA",1.5,1,2.15556,3.23333,0,0,ENF2,2024-06-10
,24,06,ZAP1,AOP,ENFXAOP1,EVALUACION INICIAL EN PACIENTE HOSPITALIZADO,F6AOP,"F6AOP_EVALUACION DEL DOLOR AL PRIMER CONTACTO CLINICO AUSENTE, INCOMPLETA O INCORRECTA (INTENSIDAD FRECUENCIA, LOCALIZACION, DURACION)",1.5,1,2.15556,3.23333,0,0,ENF2,2024-06-10
,24,06,ZAP1,AOP,ENFXAOP1,EVALUACION INICIAL EN PACIENTE HOSPITALIZADO,F24AOP,F24AOP_LAS NECESIDADES DE LOS PACIENTES NO SE PRIORIZAN SEGUN LOS RESULTADOS DE LA EVALUACION INICIAL,1.5,1,2.15556,3.23333,0,0,ENF2,2024-06-10
,24,06,ZAP1,AOP,ENFXAOP2,EVALUACION INICIAL EN PACIENTE HOSPITALIZADO_INFORMES,F25AOP,F25AOP_NO SE INFORMA AL PACIENTE O FAMILIAR LOS RESULTADOS DE LA EVALUACION INICIAL,2.21429,5,4.37778,48.4683,0,3,ENF2,2024-06-10
,24,06,ZAP1,AOP,ENFXAOP3,EVALUACION INICIAL EN PACIENTE AMBULATORO,F30AOP,F30AOP_EVALUACION INICIAL DE ENFERMERIA NO REALIZADA ANTES DEL PROCEDIMIENTO O TRATAMIENTO MOTIVO DEL INGRESO,1.5,1,2.15556,3.23333,0,0,ENF2,2024-06-10
,24,06,ZAP1,AOP,ENFXAOP3,EVALUACION INICIAL EN PACIENTE AMBULATORO,F31AOP,"F31AOP_EVALUACION INICIAL DE ENFERMERIA AUSENTE, INCOMPLETA O INCORRECTA",1.5,1,2.15556,3.23333,0,0,ENF2,2024-06-10
,24,06,ZAP1,AOP,ENFXAOP3,EVALUACION INICIAL EN PACIENTE AMBULATORO,F32AOP,"F32AOP_EVALUACION DEL DOLOR AL PRIMER CONTACTO CLINICO AUSENTE, INCOMPLETA O INCORRECTA (INTENSIDAD FRECUENCIA, LOCALIZACION, DURACION)",1.5,1,2.15556,3.23333,0,1,ENF2,2024-06-10
,24,06,ZAP1,COP,ENFXCOP4,NUTRICION Y COCINA,F31COP,F31COP_DISTRIBUCION DE ALIMENTOS O NUTRICIONES A DESTIEMPO,1.5,1,2.15556,3.23333,0,0,ENF2,2024-06-10
,24,06,ZAP1,COP,ENFXCOP4,NUTRICION Y COCINA,F32COP,F32COP_ALIMENTOS O NUTRICIONES ENTREGADAS A PACIENTE INCORRECTO,1.5,1,2.15556,3.23333,0,0,ENF2,2024-06-10
,24,06,ZAP1,COP,ENFXCOP5,MANEJO DEL DOLOR,F36COP,"F36COP_EVALUACION DEL DOLOR AL PRIMER CONTACTO CLINICO AUSENTE, INCOMPLETA O INCORRECTA (INTENSIDAD FRECUENCIA, LOCALIZACION, DURACION)",1.5,1,2.15556,3.23333,0,0,ENF2,2024-06-10
,24,06,ZAP1,COP,ENFXCOP5,MANEJO DEL DOLOR,F37COP,F37COP_EVALUACION O REVALORACIONES DE DOLOR NO APLICABLES AL GRUPO DE EDAD O CARACTERISTICAS CLINICAS DEL PACIENTE,1.5,1,2.15556,3.23333,0,0,ENF2,2024-06-10
,24,06,ZAP1,COP,ENFXCOP5,MANEJO DEL DOLOR,F38COP,F38COP_REVALORACIONES DE DOLOR NO CUMPLEN CON FRECUENCIA REQUERIDA SEGUN SU INTENSIDAD,1.5,1,2.15556,3.23333,0,0,ENF2,2024-06-10
,24,06,ZAP1,COP,ENFXCOP5,MANEJO DEL DOLOR,F39COP,"F39COP_EVIDENCIA DE REVALORACIONES DE DOLOR AUSENTE, INCORRECTA O INCOMPLETA",1.5,1,2.15556,3.23333,0,0,ENF2,2024-06-10
,24,06,ZAP1,COP,ENFXCOP6,SOPORTE PARA LA CALIDAD DE VIDA,F58COP,"F58COP_FALTA DE RESPETO A LOS VALORES, COSTUMBRES Y CREENCIAS DEL PACIENTE",1.5,1,2.15556,3.23333,0,6,ENF2,2024-06-10
,24,06,ZAP1,ASC,ENFXASC1,ATENCION ANESTESICA,F9ASC,"F9ASC_MONITOREO DE PACIENTE DURANTE LA ANESTESIA AUSENTE, INCOMPLETO O INCORRECTO",1.5,1,2.15556,3.23333,0,0,ENF2,2024-06-08
,24,06,ZAP1,ASC,ENFXASC1,ATENCION ANESTESICA,F13ASC,F13ASC_EQUIPOS BIOMEDICOS ESPECIALIZADOS AUSENTES O EN MAL ESTADO,1.5,1,2.15556,3.23333,0,0,ENF2,2024-06-08
,24,06,ZAP1,ASC,ENFXASC1,ATENCION ANESTESICA,F19ASC,F19ASC_PACIENTE EGRESA DE QUIROFANO SIN CONTAR CON CONDICIONES CLINICAS DE ESTABILIDAD,1.5,1,2.15556,3.23333,0,0,ENF2,2024-06-08
,24,06,ZAP1,ASC,ENFXASC2,ATENCION QUIRURGICA,F22ASC,"F22ASC_REGISTROS PREOPERATORIOS DE ENFERMERIA AUSENTES, INCOMPLETOS O INCORRECTOS",1.5,1,2.15556,3.23333,0,0,ENF2,2024-06-08
,24,06,ZAP1,ASC,ENFXASC2,ATENCION QUIRURGICA,F23ASC,"F23ASC_REGISTRO TRANSOPERATORIO AUSENTE, INCOMPLETO O INCORRECTO",1.5,1,2.15556,3.23333,0,0,ENF2,2024-06-08
,24,06,ZAP1,ASC,ENFXASC3,PLANEACION QUIRURIGICA,F27ASC,F27ASC_PROGRAMACION QUIRURGICA NO REALIZADA,1.5,1,2.15556,3.23333,0,0,ENF2,2024-06-08
,24,06,ZAP1,ASC,ENFXASC3,PLANEACION QUIRURIGICA,F28ASC,F28ASC_PLANEACION QUIRURGICA CON PERSONAL INVOLUCRADO PARA ESTABLECER O VERIFICAR REQUERIMIENTOS NO REALIZADA,1.5,1,2.15556,3.23333,0,2,ENF2,2024-06-08
,24,06,ZAP1,EXPCLI,ENFXEXPCLI150,EXPEDIENTE CLINICO,F4EXPCLI,F4EXPCLI_EXPEDIENTE LEGIBLE Y EN LENGUAGE TECNICO MEDICO,1.5,1,2.15556,3.23333,0,2,ENF2,2024-06-10
,24,06,ZAP1,EXPCLI,ENFXEXPCLI150,EXPEDIENTE CLINICO URGENCIAS,F51EXPCLI,"F51EXPCLI_EVALUACION INICIAL NOMBRE, FIRMA Y CEDULA DE QUIEN ELABORA",1.5,1,2.15556,3.23333,0,0,ENF2,2024-06-08
,24,06,ZAP1,EXPCLI,ENFXEXPCLI150,EXPEDIENTE CLINICO URGENCIAS,F52EXPCLI,F52EXPCLI_RIESGO DE CAIDAS AL PRIMER CONTACTO,1.5,1,2.15556,3.23333,0,0,ENF2,2024-06-08
,24,06,ZAP1,EXPCLI,ENFXEXPCLI150,EXPEDIENTE CLINICO URGENCIAS,F53EXPCLI,F53EXPCLI_RIESGO DE CAIDAS DURANTE CAMBIO DE SERVICIOS (DEBE COINCIDIR HOJA DE RIESGO DE CAIDAS CON SBAR),1.5,1,2.15556,3.23333,0,1,ENF2,2024-06-08
,24,06,ZAP1,EXPCLI,ENFXEXPCLI150,EXPEDIENTE CLINICO ANESTESIA,F180EXPCLI,F180EXPCLI_ENFERMERIA MONITOREA AL PACIENTE DURANTE LA SEDACION Y LO DOCUMENTA,1.5,1,2.15556,3.23333,0,0,ENF2,2024-06-10
,24,06,ZAP1,EXPCLI,ENFXEXPCLI150,EXPEDIENTE CLINICO ANESTESIA,F190EXPCLI,F190EXPCLI_ENFERMERIA MONITOREA AL PACIENTE DURANTE EL PERIODO POSTANESTESICO Y LO DOCUMENTA,1.5,1,2.15556,3.23333,0,0,ENF2,2024-06-10
,24,06,ZAP1,EXPCLI,ENFXEXPCLI150,EXPEDIENTE CLINICO ANESTESIA,F193EXPCLI,F193EXPCLI_SE DOCUMENTA LA AHORA DE INICIO Y TERMINACION DE LA RECUPERACION,1.5,1,2.15556,3.23333,0,0,ENF2,2024-06-10
,24,06,ZAP1,EXPCLI,ENFXEXPCLI150,EXPEDIENTE CLINICO QUIROFANO,F213EXPCLI,F213EXPCLI_ENFERMERIA/HOJA PREOPERATORIA Y TRANSOPERATORIA,1.5,1,2.15556,3.23333,0,2,ENF2,2024-06-10
,24,07,ZAP1,SQE,ENFXSQE2,EXPEDIENTE DE PERSONAL CLINICO,F14SQE,"F14SQE_VERIFICACION DE FUENTE ORIGINAL DE PERSONAL CLINICO SIN CEDULA AUSENTE, INCOMPLETA O INCORRECTA",1.5,1,2.15556,3.23333,0,6,RH1,2024-07-16
,24,07,ZAP1,SQE,ENFXSQE2,EXPEDIENTE DE PERSONAL CLINICO,F15SQE,"F15SQE_VERIFICACION DE FUENTE ORIGINAL DE PERSONAL CLINICO CON NUEVOS ADIESTRAMIENTO SIN CEDULA AUSENTE, INCOMPLETA O INCORRECTA (si el adiestramiento fue provisto por la organización, no se requiere verificación de fuente)",1.5,1,2.15556,3.23333,0,4,RH1,2024-07-16
,24,07,ZAP1,SQE,ENFXSQE3,RECLUTAMIENTO Y SELECCION,F20SQE,"F20SQE_EVALUACION INICIAL DE COMPETENCIAS EN TIEMPO PRUEBA AUSENTE, INCOMPLETA O INCORRECTA",2.21429,5,4.37778,48.4683,0,2,RH1,2024-07-17
,24,07,ZAP1,SQE,ENFXSQE4,ASIGNACION Y REASIGNACION,F26SQE,"F26SQE_CUANDO EXISTE AUSENTISMO O FALTA DE PERSONAL, NO SE REASIGNA AL PERSONAL MAS COMPETENTE PARA BRINDAR ATENCION",1.5,1,2.15556,3.23333,0,0,RH1,2024-07-17
,24,07,ZAP1,SQE,ENFXSQE4,ASIGNACION Y REASIGNACION,F31SQE,F31SQE_SOBRECARGA DE TRABAJO,2.92857,5,4.37778,64.1032,0,1,RH1,2024-07-19
,24,07,ZAP1,SQE,ENFXSQE5,ORIENTACION,F32SQE,"F32SQE_EVIDENCIA DE INDUCCION A PERSONAL DE NUEVO INGRESO AUSENTE, INCOMPLETA O INCORRECTA (BARRERAS DE SEGURIDAD, DEFINICIONES OPERATIVAS DE EVENTOS, PREVENCION DE INFECCIONES, EQUIPO DE PROTECCION PERSONAL, COMUNICACIÓN DE RIESGOS Y PELIGROS DE SEGURIDAD)",2.75,3,3.26667,26.95,0,32,RH1,2024-07-19
,24,07,ZAP1,SQE,ENFXSQE7,CAPACITACION,F41SQE,"F41SQE_PROGRAMA DE CAPACITACION AUSENTE, INCOMPLETO O INCORRECTO",2.92857,5,4.37778,64.1032,0,2,RH1,2024-07-20
,24,07,ZAP1,SQE,ENFXSQE7,CAPACITACION,F52SQE,"F52SQE_PROGRAMA CAPACITACION PARA LA IDENTIFICACION, CLASIFICACION Y DISPOSICION DEL RPBI AUSENTE, INCOMPLETA O INCORRECTA",2.92857,5,4.37778,64.1032,0,1,RH1,2024-07-20
